	read	size	intended_classize	observed_classize
0	58.0	8.0	8.0	8.0
1	82.62999725341797	9.0	9.0	9.0
2	46.33000183105469	9.0	9.0	9.0
3	66.55999755859375	9.0	9.0	11.0
4	75.0	10.0	10.0	10.0
5	80.55999755859375	10.0	10.0	10.0
6	84.44000244140625	10.0	10.0	10.0
7	77.4000015258789	10.0	10.0	10.0
8	87.44999694824219	11.0	11.0	11.0
9	69.25	11.0	11.0	17.0
10	59.779998779296875	11.0	11.0	11.0
11	57.09000015258789	12.0	12.0	12.0
12	68.80000305175781	12.0	12.0	12.0
13	58.83000183105469	12.0	12.0	12.0
14	74.0	12.0	12.0	12.0
15	77.2699966430664	12.0	12.0	12.0
16	80.0	13.0	13.0	14.0
17	72.91999816894531	13.0	13.0	12.0
18	86.0	13.0	13.0	13.0
19	82.66999816894531	14.0	14.0	16.0
20	78.19999694824219	14.0	14.0	15.0
21	86.0999984741211	14.0	14.0	14.0
22	64.37999725341797	14.0	14.0	14.0
23	86.0	14.0	14.0	14.0
24	73.5	14.0	14.0	14.0
25	74.69000244140625	14.0	14.0	14.0
26	68.0	15.0	15.0	15.0
27	84.52999877929688	15.0	15.0	15.0
28	84.5999984741211	15.0	15.0	16.0
29	59.0	15.0	15.0	15.0
30	72.12999725341797	15.0	15.0	15.0
31	80.16999816894531	15.0	15.0	15.0
32	80.87999725341797	16.0	16.0	16.0
33	82.12999725341797	16.0	16.0	16.0
34	73.2699966430664	16.0	16.0	16.0
35	78.62999725341797	16.0	16.0	16.0
36	74.0	16.0	16.0	16.0
37	77.80999755859375	17.0	17.0	17.0
38	63.0	17.0	17.0	16.0
39	72.0	17.0	17.0	17.0
40	73.05999755859375	17.0	17.0	17.0
41	77.0	17.0	17.0	17.0
42	70.44000244140625	17.0	17.0	17.0
43	81.52999877929688	17.0	17.0	17.0
44	63.2400016784668	17.0	17.0	17.0
45	67.0	17.0	17.0	17.0
46	81.58999633789062	18.0	18.0	18.0
47	73.87999725341797	18.0	18.0	18.0
48	62.689998626708984	18.0	18.0	18.0
49	82.66999816894531	18.0	18.0	18.0
50	71.29000091552734	18.0	18.0	18.0
51	44.189998626708984	19.0	19.0	19.0
52	84.27999877929688	19.0	19.0	19.0
53	85.12999725341797	19.0	19.0	19.0
54	74.0	19.0	19.0	19.0
55	84.79000091552734	19.0	19.0	19.0
56	76.87999725341797	19.0	19.0	19.0
57	78.91000366210938	19.0	19.0	19.0
58	81.29000091552734	19.0	19.0	19.0
59	76.72000122070312	19.0	19.0	19.0
60	76.0	19.0	19.0	19.0
61	79.94999694824219	19.0	19.0	19.0
62	77.41999816894531	19.0	19.0	19.0
63	65.5999984741211	20.0	20.0	20.0
64	73.66999816894531	20.0	20.0	20.0
65	64.0	20.0	20.0	20.0
66	75.69999694824219	20.0	20.0	20.0
67	69.75	20.0	20.0	20.0
68	61.58000183105469	20.0	20.0	20.0
69	79.73999786376953	20.0	20.0	20.0
70	77.4800033569336	20.0	20.0	20.0
71	79.33000183105469	20.0	20.0	20.0
72	79.0	20.0	20.0	20.0
73	82.72000122070312	20.0	20.0	20.0
74	76.88999938964844	20.0	20.0	20.0
75	53.0	20.0	20.0	20.0
76	78.0	20.0	20.0	20.0
77	78.58999633789062	20.0	20.0	20.0
78	79.41000366210938	20.0	20.0	20.0
79	74.0	20.0	20.0	20.0
80	70.44999694824219	20.0	20.0	20.0
81	59.290000915527344	21.0	21.0	21.0
82	82.0	21.0	21.0	21.0
83	67.4800033569336	21.0	21.0	21.0
84	76.25	21.0	21.0	21.0
85	76.25	21.0	21.0	21.0
86	78.0999984741211	21.0	21.0	21.0
87	60.93000030517578	21.0	21.0	21.0
88	57.88999938964844	21.0	21.0	21.0
89	75.37999725341797	21.0	21.0	21.0
90	66.20999908447266	21.0	21.0	15.0
91	65.1500015258789	21.0	21.0	21.0
92	70.05000305175781	21.0	21.0	21.0
93	77.66999816894531	21.0	21.0	21.0
94	81.0	21.0	21.0	21.0
95	80.9000015258789	22.0	22.0	22.0
96	79.66999816894531	22.0	22.0	22.0
97	58.20000076293945	22.0	22.0	22.0
98	73.77999877929688	22.0	22.0	22.0
99	84.80000305175781	22.0	22.0	22.0
100	52.369998931884766	22.0	22.0	22.0
101	81.0	22.0	22.0	22.0
102	77.94999694824219	22.0	22.0	22.0
103	75.86000061035156	22.0	22.0	22.0
104	79.0	22.0	22.0	22.0
105	69.62999725341797	22.0	22.0	21.0
106	72.20999908447266	22.0	22.0	15.0
107	71.0	22.0	22.0	22.0
108	49.33000183105469	22.0	22.0	22.0
109	70.9000015258789	23.0	23.0	22.0
110	67.81999969482422	23.0	23.0	23.0
111	83.7300033569336	23.0	23.0	23.0
112	66.0	23.0	23.0	23.0
113	88.20999908447266	23.0	23.0	23.0
114	85.6500015258789	23.0	23.0	24.0
115	85.0	23.0	23.0	23.0
116	72.56999969482422	23.0	23.0	23.0
117	78.31999969482422	23.0	23.0	23.0
118	80.62999725341797	23.0	23.0	23.0
119	61.47999954223633	23.0	23.0	22.0
120	51.22999954223633	23.0	23.0	23.0
121	82.23999786376953	23.0	23.0	23.0
122	69.5	23.0	23.0	23.0
123	65.83000183105469	23.0	23.0	23.0
124	84.88999938964844	23.0	23.0	23.0
125	84.2300033569336	24.0	24.0	24.0
126	68.9000015258789	24.0	24.0	24.0
127	82.66999816894531	24.0	24.0	24.0
128	68.87999725341797	24.0	24.0	24.0
129	64.05000305175781	24.0	24.0	24.0
130	73.26000213623047	24.0	24.0	24.0
131	65.0	24.0	24.0	24.0
132	63.099998474121094	24.0	24.0	24.0
133	69.45999908447266	24.0	24.0	24.0
134	88.19999694824219	24.0	24.0	24.0
135	58.650001525878906	24.0	24.0	24.0
136	76.18000030517578	24.0	24.0	12.0
137	87.16999816894531	24.0	24.0	24.0
138	71.0	24.0	24.0	23.0
139	74.0	24.0	24.0	24.0
140	63.0	25.0	25.0	25.0
141	80.69999694824219	25.0	25.0	26.0
142	74.52999877929688	25.0	25.0	21.0
143	59.0	25.0	25.0	25.0
144	50.86000061035156	25.0	25.0	26.0
145	75.7300033569336	25.0	25.0	25.0
146	82.0	25.0	25.0	25.0
147	57.59000015258789	25.0	25.0	25.0
148	78.5	26.0	26.0	26.0
149	71.13999938964844	26.0	26.0	26.0
150	60.0	26.0	26.0	26.0
151	69.04000091552734	26.0	26.0	26.0
152	46.0	27.0	27.0	9.0
153	74.88999938964844	27.0	27.0	27.0
154	62.540000915527344	27.0	27.0	14.0
155	69.52999877929688	27.0	27.0	25.0
156	81.0	27.0	27.0	27.0
157	85.7699966430664	27.0	27.0	27.0
158	79.36000061035156	27.0	27.0	27.0
159	77.0	27.0	27.0	27.0
160	79.91999816894531	27.0	27.0	27.0
161	69.7300033569336	27.0	27.0	27.0
162	54.66999816894531	27.0	27.0	13.0
163	72.19000244140625	27.0	27.0	27.0
164	85.87999725341797	27.0	27.0	27.0
165	56.75	28.0	28.0	20.0
166	73.87999725341797	28.0	28.0	28.0
167	81.26000213623047	28.0	28.0	28.0
168	57.59000015258789	28.0	28.0	28.0
169	79.0	28.0	28.0	28.0
170	76.62000274658203	28.0	28.0	28.0
171	67.55999755859375	28.0	28.0	28.0
172	68.22000122070312	28.0	28.0	28.0
173	71.56999969482422	28.0	28.0	28.0
174	73.61000061035156	28.0	28.0	28.0
175	66.87999725341797	28.0	28.0	28.0
176	73.87999725341797	28.0	28.0	28.0
177	71.5	28.0	28.0	28.0
178	68.0	28.0	28.0	22.0
179	86.08000183105469	28.0	28.0	28.0
180	80.0	29.0	29.0	29.0
181	78.0	29.0	29.0	21.0
182	66.0	29.0	29.0	29.0
183	80.0	29.0	29.0	29.0
184	87.86000061035156	29.0	29.0	29.0
185	85.37999725341797	29.0	29.0	29.0
186	78.02999877929688	29.0	29.0	29.0
187	63.84000015258789	29.0	29.0	29.0
188	75.5199966430664	29.0	29.0	29.0
189	64.93000030517578	29.0	29.0	29.0
190	84.05999755859375	30.0	30.0	30.0
191	83.11000061035156	30.0	30.0	30.0
192	74.58999633789062	30.0	30.0	30.0
193	72.0	30.0	30.0	20.0
194	54.45000076293945	30.0	30.0	29.0
195	78.20999908447266	30.0	30.0	30.0
196	61.279998779296875	30.0	30.0	29.0
197	77.55999755859375	30.0	30.0	30.0
198	75.8499984741211	30.0	30.0	30.0
199	78.06999969482422	30.0	30.0	30.0
200	66.33000183105469	31.0	31.0	23.0
201	90.13999938964844	31.0	31.0	31.0
202	64.0	31.0	31.0	19.0
203	67.69999694824219	31.0	31.0	31.0
204	58.0	31.0	31.0	31.0
205	57.0	31.0	31.0	31.0
206	84.2300033569336	31.0	31.0	31.0
207	66.0	32.0	32.0	32.0
208	62.290000915527344	32.0	32.0	20.0
209	83.5	32.0	32.0	32.0
210	82.58999633789062	32.0	32.0	32.0
211	75.69999694824219	32.0	32.0	32.0
212	85.2300033569336	32.0	32.0	32.0
213	77.0999984741211	32.0	32.0	32.0
214	75.62999725341797	32.0	32.0	34.0
215	73.97000122070312	32.0	32.0	32.0
216	84.0	33.0	33.0	33.0
217	76.37000274658203	33.0	33.0	33.0
218	74.13999938964844	33.0	33.0	24.0
219	64.44000244140625	33.0	33.0	11.0
220	76.16000366210938	33.0	33.0	33.0
221	65.75	33.0	33.0	22.0
222	86.4800033569336	33.0	33.0	33.0
223	79.38999938964844	33.0	33.0	33.0
224	64.0	33.0	33.0	22.0
225	79.79000091552734	34.0	34.0	34.0
226	65.22000122070312	34.0	34.0	14.0
227	82.69000244140625	34.0	34.0	34.0
228	80.0	34.0	34.0	34.0
229	71.6500015258789	34.0	34.0	34.0
230	68.02999877929688	34.0	34.0	34.0
231	71.81999969482422	34.0	34.0	34.0
232	54.0	34.0	34.0	15.0
233	65.0	34.0	34.0	23.0
234	69.76000213623047	34.0	34.0	27.0
235	76.44999694824219	34.0	34.0	20.0
236	58.84000015258789	34.0	34.0	34.0
237	60.560001373291016	35.0	35.0	21.0
238	68.0	35.0	35.0	35.0
239	84.0	35.0	35.0	25.0
240	65.0	35.0	35.0	37.0
241	52.0	35.0	35.0	14.0
242	74.72000122070312	35.0	35.0	35.0
243	73.0	35.0	35.0	35.0
244	74.26000213623047	35.0	35.0	25.0
245	78.30999755859375	35.0	35.0	35.0
246	78.06999969482422	35.0	35.0	35.0
247	72.20999908447266	35.0	35.0	35.0
248	51.0	36.0	36.0	20.0
249	83.31999969482422	36.0	36.0	23.0
250	64.56999969482422	36.0	36.0	34.0
251	85.05000305175781	36.0	36.0	39.0
252	64.11000061035156	36.0	36.0	18.0
253	54.06999969482422	36.0	36.0	16.0
254	77.66000366210938	36.0	36.0	36.0
255	58.06999969482422	36.0	36.0	43.0
256	67.88999938964844	36.0	36.0	18.0
257	71.77999877929688	37.0	37.0	37.0
258	75.47000122070312	37.0	37.0	22.0
259	78.37999725341797	37.0	37.0	26.0
260	73.18000030517578	37.0	37.0	25.0
261	54.66999816894531	37.0	37.0	15.0
262	63.99842071533203	37.0	37.0	22.0
263	63.650001525878906	37.0	37.0	37.0
264	60.647499084472656	37.0	37.0	15.0
265	78.69000244140625	37.0	37.0	37.0
266	70.11000061035156	38.0	38.0	19.0
267	66.83000183105469	38.0	38.0	38.0
268	75.33999633789062	38.0	38.0	38.0
269	56.560001373291016	38.0	38.0	38.0
270	64.8499984741211	38.0	38.0	39.0
271	73.88999938964844	38.0	38.0	19.0
272	71.0	38.0	38.0	38.0
273	83.6500015258789	38.0	38.0	38.0
274	34.79999923706055	38.0	38.0	26.0
275	81.51000213623047	38.0	38.0	38.0
276	46.66999816894531	39.0	39.0	14.0
277	68.94000244140625	39.0	39.0	38.0
278	74.08000183105469	39.0	39.0	39.0
279	73.11000061035156	39.0	39.0	39.0
280	76.08999633789062	39.0	39.0	39.0
281	73.70999908447266	39.0	39.0	19.0
282	79.63999938964844	39.0	39.0	39.0
283	69.88999938964844	39.0	39.0	20.0
284	79.38999938964844	39.0	39.0	40.0
285	47.18000030517578	39.0	39.0	25.0
286	73.14618682861328	40.0	40.0	22.0
287	60.18000030517578	40.0	40.0	40.0
288	52.77000045776367	40.0	40.0	40.0
289	75.19999694824219	40.0	40.0	29.0
290	73.1500015258789	40.0	40.0	40.0
291	66.5999984741211	40.0	40.0	20.0
292	65.05000305175781	40.0	40.0	20.0
293	77.29000091552734	40.0	40.0	18.0
294	67.97000122070312	40.0	40.0	40.0
295	69.41000366210938	41.0	20.5	21.0
296	80.52999877929688	41.0	20.5	20.0
297	55.31999969482422	41.0	20.5	21.0
298	62.68000030517578	41.0	20.5	20.0
299	67.04545593261719	41.0	20.5	20.0
300	84.56999969482422	41.0	20.5	21.0
301	89.2699966430664	41.0	20.5	41.0
302	78.72000122070312	41.0	20.5	41.0
303	70.69999694824219	41.0	20.5	21.0
304	79.18000030517578	41.0	20.5	21.0
305	73.29000091552734	41.0	20.5	21.0
306	73.11000061035156	41.0	20.5	27.0
307	83.61000061035156	41.0	20.5	20.0
308	79.47000122070312	41.0	20.5	20.0
309	68.8499984741211	41.0	20.5	20.0
310	69.05000305175781	41.0	20.5	21.0
311	79.83000183105469	41.0	20.5	21.0
312	60.66999816894531	41.0	20.5	27.0
313	75.43000030517578	41.0	20.5	21.0
314	72.1520004272461	41.0	20.5	20.0
315	58.060001373291016	41.0	20.5	18.0
316	82.05000305175781	41.0	20.5	21.0
317	85.0	41.0	20.5	20.0
318	70.1500015258789	41.0	20.5	20.0
319	77.81999969482422	41.0	20.5	23.0
320	62.220001220703125	41.0	20.5	20.0
321	71.83999633789062	41.0	20.5	21.0
322	82.91999816894531	41.0	20.5	27.0
323	79.0979995727539	42.0	21.0	20.0
324	82.0	42.0	21.0	20.0
325	63.842105865478516	42.0	21.0	20.0
326	78.30000305175781	42.0	21.0	22.0
327	66.76000213623047	42.0	21.0	21.0
328	74.56999969482422	42.0	21.0	23.0
329	68.0	42.0	21.0	22.0
330	76.77999877929688	42.0	21.0	22.0
331	64.1500015258789	42.0	21.0	22.0
332	71.52999877929688	42.0	21.0	32.0
333	75.76000213623047	42.0	21.0	22.0
334	52.720001220703125	42.0	21.0	20.0
335	69.62999725341797	42.0	21.0	20.0
336	69.27999877929688	42.0	21.0	22.0
337	64.72000122070312	42.0	21.0	33.0
338	69.05999755859375	42.0	21.0	19.0
339	65.5999984741211	42.0	21.0	27.0
340	68.79000091552734	42.0	21.0	21.0
341	44.45000076293945	42.0	21.0	21.0
342	70.61000061035156	42.0	21.0	28.0
343	58.029998779296875	42.0	21.0	44.0
344	46.2400016784668	42.0	21.0	21.0
345	71.0	42.0	21.0	20.0
346	65.91000366210938	42.0	21.0	22.0
347	73.05999755859375	42.0	21.0	21.0
348	71.24700164794922	43.0	21.5	22.0
349	72.38999938964844	43.0	21.5	21.0
350	79.9000015258789	43.0	21.5	21.0
351	64.26000213623047	43.0	21.5	34.0
352	76.6500015258789	43.0	21.5	22.0
353	66.23529052734375	43.0	21.5	21.0
354	77.41999816894531	43.0	21.5	21.0
355	77.0	43.0	21.5	24.0
356	79.83999633789062	43.0	21.5	22.0
357	84.55999755859375	43.0	21.5	21.0
358	89.61000061035156	43.0	21.5	22.0
359	86.29000091552734	43.0	21.5	21.0
360	80.43000030517578	43.0	21.5	22.0
361	70.73999786376953	43.0	21.5	21.0
362	85.80999755859375	43.0	21.5	20.0
363	67.6500015258789	43.0	21.5	22.0
364	78.58000183105469	43.0	21.5	22.0
365	80.69000244140625	43.0	21.5	21.0
366	61.70000076293945	43.0	21.5	22.0
367	88.37999725341797	43.0	21.5	23.0
368	81.44000244140625	43.0	21.5	22.0
369	74.0022201538086	43.0	21.5	21.0
370	78.05999755859375	43.0	21.5	22.0
371	79.3499984741211	43.0	21.5	21.0
372	72.23999786376953	44.0	22.0	20.0
373	75.35199737548828	44.0	22.0	22.0
374	80.56999969482422	44.0	22.0	22.0
375	80.31999969482422	44.0	22.0	22.0
376	71.6861572265625	44.0	22.0	24.0
377	60.95000076293945	44.0	22.0	23.0
378	58.810001373291016	44.0	22.0	22.0
379	71.80000305175781	44.0	22.0	36.0
380	81.73999786376953	44.0	22.0	23.0
381	75.9990463256836	44.0	22.0	21.0
382	59.33000183105469	44.0	22.0	21.0
383	75.76000213623047	44.0	22.0	24.0
384	69.44999694824219	44.0	22.0	20.0
385	64.29000091552734	44.0	22.0	20.0
386	75.19000244140625	44.0	22.0	31.0
387	69.6500015258789	44.0	22.0	24.0
388	83.61000061035156	44.0	22.0	40.0
389	62.43000030517578	45.0	22.5	21.0
390	77.86000061035156	45.0	22.5	23.0
391	69.5199966430664	45.0	22.5	27.0
392	81.55000305175781	45.0	22.5	22.0
393	83.0	45.0	22.5	24.0
394	61.83000183105469	45.0	22.5	24.0
395	67.7699966430664	45.0	22.5	23.0
396	85.08999633789062	45.0	22.5	23.0
397	80.62000274658203	45.0	22.5	22.0
398	82.16000366210938	45.0	22.5	21.0
399	80.37999725341797	45.0	22.5	22.0
400	82.36000061035156	45.0	22.5	22.0
401	83.66999816894531	45.0	22.5	22.0
402	71.0	45.0	22.5	22.0
403	78.25	45.0	22.5	23.0
404	90.43000030517578	45.0	22.5	23.0
405	61.380001068115234	45.0	22.5	22.0
406	85.5	45.0	22.5	23.0
407	76.62000274658203	45.0	22.5	23.0
408	74.9020004272461	46.0	23.0	25.0
409	76.88999938964844	46.0	23.0	23.0
410	79.38999938964844	46.0	23.0	23.0
411	79.7699966430664	46.0	23.0	23.0
412	82.76333618164062	46.0	23.0	23.0
413	75.86000061035156	46.0	23.0	23.0
414	54.650001525878906	46.0	23.0	23.0
415	81.86000061035156	46.0	23.0	22.0
416	79.23999786376953	46.0	23.0	23.0
417	68.0999984741211	46.0	23.0	22.0
418	63.997501373291016	46.0	23.0	24.0
419	61.63999938964844	46.0	23.0	16.0
420	73.75	46.0	23.0	30.0
421	62.0	46.0	23.0	24.0
422	84.33000183105469	46.0	23.0	24.0
423	65.69000244140625	46.0	23.0	16.0
424	68.66999816894531	46.0	23.0	22.0
425	53.189998626708984	46.0	23.0	23.0
426	59.59000015258789	46.0	23.0	21.0
427	59.880001068115234	46.0	23.0	21.0
428	84.43000030517578	47.0	23.5	24.0
429	80.23999786376953	47.0	23.5	21.0
430	79.9000015258789	47.0	23.5	25.0
431	71.61000061035156	47.0	23.5	22.0
432	79.5	47.0	23.5	24.0
433	83.91000366210938	47.0	23.5	23.0
434	82.86000061035156	47.0	23.5	25.0
435	67.0	47.0	23.5	36.0
436	68.41000366210938	47.0	23.5	21.0
437	80.0999984741211	47.0	23.5	22.0
438	81.5	47.0	23.5	24.0
439	46.77000045776367	47.0	23.5	19.0
440	78.54000091552734	47.0	23.5	26.0
441	66.43000030517578	47.0	23.5	25.0
442	70.5	47.0	23.5	25.0
443	78.0	47.0	23.5	23.0
444	72.19999694824219	47.0	23.5	24.0
445	65.86000061035156	47.0	23.5	22.0
446	66.4800033569336	47.0	23.5	22.0
447	75.04000091552734	47.0	23.5	37.0
448	67.58000183105469	47.0	23.5	24.0
449	80.5199966430664	47.0	23.5	23.0
450	83.6500015258789	47.0	23.5	22.0
451	70.79368591308594	47.0	23.5	23.0
452	66.58999633789062	47.0	23.5	23.0
453	54.0	47.0	23.5	19.0
454	73.41000366210938	47.0	23.5	27.0
455	69.18000030517578	47.0	23.5	25.0
456	67.3499984741211	47.0	23.5	26.0
457	77.19999694824219	47.0	23.5	23.0
458	58.709999084472656	48.0	24.0	27.0
459	84.70999908447266	48.0	24.0	25.0
460	77.62999725341797	48.0	24.0	25.0
461	78.56999969482422	48.0	24.0	23.0
462	76.7699966430664	48.0	24.0	21.0
463	67.33000183105469	48.0	24.0	24.0
464	83.30999755859375	48.0	24.0	21.0
465	76.5	48.0	24.0	27.0
466	75.0	48.0	24.0	24.0
467	81.0999984741211	48.0	24.0	23.0
468	64.9095687866211	48.0	24.0	23.0
469	80.95999908447266	48.0	24.0	23.0
470	86.43000030517578	48.0	24.0	27.0
471	85.36631774902344	48.0	24.0	23.0
472	64.83000183105469	48.0	24.0	21.0
473	66.69999694824219	48.0	24.0	35.0
474	65.43000030517578	48.0	24.0	24.0
475	68.0	48.0	24.0	23.0
476	57.17041778564453	48.0	24.0	21.0
477	73.16999816894531	48.0	24.0	27.0
478	70.04000091552734	48.0	24.0	25.0
479	66.8499984741211	48.0	24.0	24.0
480	79.0	48.0	24.0	36.0
481	73.33000183105469	48.0	24.0	22.0
482	79.04000091552734	48.0	24.0	26.0
483	67.13999938964844	48.0	24.0	25.0
484	67.16999816894531	49.0	24.5	27.0
485	70.79000091552734	49.0	24.5	23.0
486	71.95999908447266	49.0	24.5	21.0
487	78.95999908447266	49.0	24.5	27.0
488	76.18000030517578	49.0	24.5	38.0
489	79.30000305175781	49.0	24.5	25.0
490	77.26000213623047	49.0	24.5	24.0
491	75.0	49.0	24.5	19.0
492	79.4800033569336	49.0	24.5	25.0
493	76.6500015258789	49.0	24.5	24.0
494	76.12999725341797	49.0	24.5	26.0
495	71.43826293945312	49.0	24.5	26.0
496	71.8308334350586	49.0	24.5	25.0
497	62.36000061035156	49.0	24.5	23.0
498	87.87000274658203	49.0	24.5	24.0
499	73.44000244140625	49.0	24.5	21.0
500	77.30000305175781	49.0	24.5	29.0
501	83.36000061035156	49.0	24.5	22.0
502	64.69999694824219	49.0	24.5	28.0
503	74.22000122070312	49.0	24.5	24.0
504	74.55999755859375	50.0	25.0	25.0
505	67.63999938964844	50.0	25.0	24.0
506	64.70833587646484	50.0	25.0	25.0
507	79.41999816894531	50.0	25.0	28.0
508	77.94999694824219	50.0	25.0	24.0
509	77.04000091552734	50.0	25.0	25.0
510	80.77999877929688	50.0	25.0	26.0
511	74.16999816894531	50.0	25.0	24.0
512	81.95999908447266	50.0	25.0	27.0
513	84.19999694824219	50.0	25.0	25.0
514	76.37999725341797	50.0	25.0	27.0
515	78.08999633789062	50.0	25.0	22.0
516	84.13043212890625	50.0	25.0	23.0
517	85.18000030517578	50.0	25.0	25.0
518	79.7699966430664	50.0	25.0	23.0
519	70.20999908447266	50.0	25.0	24.0
520	75.40740966796875	50.0	25.0	25.0
521	72.62000274658203	50.0	25.0	26.0
522	84.04000091552734	51.0	25.5	25.0
523	75.7699966430664	51.0	25.5	27.0
524	61.95000076293945	51.0	25.5	24.0
525	57.47618865966797	51.0	25.5	25.0
526	47.790000915527344	51.0	25.5	24.0
527	81.08999633789062	51.0	25.5	27.0
528	68.25	51.0	25.5	27.0
529	70.0	51.0	25.5	24.0
530	68.62999725341797	51.0	25.5	26.0
531	88.87000274658203	51.0	25.5	25.0
532	60.709999084472656	51.0	25.5	25.0
533	77.5	51.0	25.5	26.0
534	64.91999816894531	51.0	25.5	26.0
535	76.26000213623047	51.0	25.5	24.0
536	83.3595962524414	51.0	25.5	26.0
537	62.045650482177734	51.0	25.5	27.0
538	67.79000091552734	51.0	25.5	26.0
539	81.1500015258789	51.0	25.5	23.0
540	70.25	51.0	25.5	24.0
541	79.55999755859375	51.0	25.5	26.0
542	80.30999755859375	51.0	25.5	27.0
543	81.43000030517578	51.0	25.5	25.0
544	83.87999725341797	51.0	25.5	26.0
545	73.16000366210938	51.0	25.5	26.0
546	83.56999969482422	51.0	25.5	25.0
547	84.20999908447266	51.0	25.5	29.0
548	68.94000244140625	51.0	25.5	26.0
549	77.6500015258789	51.0	25.5	22.0
550	79.62000274658203	51.0	25.5	23.0
551	71.08999633789062	51.0	25.5	24.0
552	76.70999908447266	52.0	26.0	25.0
553	79.23999786376953	52.0	26.0	28.0
554	73.83999633789062	52.0	26.0	26.0
555	73.47000122070312	52.0	26.0	25.0
556	80.3499984741211	52.0	26.0	33.0
557	64.0	52.0	26.0	40.0
558	77.74642944335938	52.0	26.0	27.0
559	82.45999908447266	52.0	26.0	27.0
560	71.75559997558594	52.0	26.0	26.0
561	69.08000183105469	52.0	26.0	27.0
562	64.64869689941406	52.0	26.0	24.0
563	72.86000061035156	52.0	26.0	28.0
564	56.5	52.0	26.0	28.0
565	78.58000183105469	52.0	26.0	27.0
566	77.59600067138672	52.0	26.0	33.0
567	76.11538696289062	52.0	26.0	26.0
568	79.93000030517578	52.0	26.0	28.0
569	64.69999694824219	52.0	26.0	26.0
570	76.05000305175781	52.0	26.0	25.0
571	70.7300033569336	52.0	26.0	26.0
572	67.11000061035156	52.0	26.0	28.0
573	70.0	52.0	26.0	25.0
574	62.157894134521484	52.0	26.0	24.0
575	71.22000122070312	53.0	26.5	21.0
576	81.5999984741211	53.0	26.5	26.0
577	63.90636444091797	53.0	26.5	28.0
578	76.5	53.0	26.5	26.0
579	74.37999725341797	53.0	26.5	28.0
580	63.29999923706055	53.0	26.5	27.0
581	58.220001220703125	53.0	26.5	29.0
582	80.13999938964844	53.0	26.5	27.0
583	59.150001525878906	53.0	26.5	26.0
584	46.86000061035156	53.0	26.5	27.0
585	73.0999984741211	53.0	26.5	25.0
586	86.54000091552734	53.0	26.5	26.0
587	84.11840057373047	53.0	26.5	27.0
588	62.0	53.0	26.5	26.0
589	63.547271728515625	53.0	26.5	22.0
590	84.42105102539062	53.0	26.5	27.0
591	90.12999725341797	53.0	26.5	27.0
592	41.00381088256836	53.0	26.5	26.0
593	81.22000122070312	53.0	26.5	28.0
594	69.55999755859375	53.0	26.5	22.0
595	75.58000183105469	53.0	26.5	27.0
596	75.70999908447266	53.0	26.5	26.0
597	66.62999725341797	53.0	26.5	27.0
598	71.11000061035156	53.0	26.5	28.0
599	65.4000015258789	53.0	26.5	25.0
600	76.4000015258789	53.0	26.5	28.0
601	79.84600067138672	53.0	26.5	26.0
602	78.44000244140625	53.0	26.5	21.0
603	63.52000045776367	54.0	27.0	27.0
604	73.77999877929688	54.0	27.0	32.0
605	64.3499984741211	54.0	27.0	27.0
606	75.0	54.0	27.0	26.0
607	65.77999877929688	54.0	27.0	28.0
608	74.76000213623047	54.0	27.0	32.0
609	61.369998931884766	54.0	27.0	21.0
610	77.9442138671875	54.0	27.0	22.0
611	75.30000305175781	54.0	27.0	27.0
612	66.1066665649414	54.0	27.0	29.0
613	74.62999725341797	54.0	27.0	27.0
614	72.69999694824219	54.0	27.0	26.0
615	75.19000244140625	54.0	27.0	27.0
616	81.20999908447266	54.0	27.0	29.0
617	85.36000061035156	54.0	27.0	28.0
618	69.05000305175781	54.0	27.0	27.0
619	77.43000030517578	54.0	27.0	26.0
620	74.5	54.0	27.0	25.0
621	70.56999969482422	54.0	27.0	28.0
622	70.62999725341797	54.0	27.0	20.0
623	81.86000061035156	54.0	27.0	25.0
624	61.630001068115234	54.0	27.0	25.0
625	58.560001373291016	55.0	27.5	30.0
626	67.0740737915039	55.0	27.5	28.0
627	77.08999633789062	55.0	27.5	27.0
628	61.39214324951172	55.0	27.5	28.0
629	73.81999969482422	55.0	27.5	25.0
630	72.87999725341797	55.0	27.5	27.0
631	80.83999633789062	55.0	27.5	24.0
632	72.91000366210938	55.0	27.5	28.0
633	80.12999725341797	55.0	27.5	30.0
634	63.59000015258789	55.0	27.5	28.0
635	77.44999694824219	55.0	27.5	20.0
636	71.41999816894531	55.0	27.5	29.0
637	70.5999984741211	55.0	27.5	28.0
638	84.9000015258789	55.0	27.5	25.0
639	81.13333129882812	55.0	27.5	31.0
640	59.779998779296875	55.0	27.5	28.0
641	52.27000045776367	55.0	27.5	27.0
642	67.80999755859375	55.0	27.5	18.0
643	73.16000366210938	55.0	27.5	27.0
644	77.16000366210938	55.0	27.5	12.0
645	63.56999969482422	55.0	27.5	25.0
646	63.68000030517578	55.0	27.5	28.0
647	77.88999938964844	56.0	28.0	27.0
648	65.36000061035156	56.0	28.0	28.0
649	67.2699966430664	56.0	28.0	30.0
650	70.81999969482422	56.0	28.0	25.0
651	71.41000366210938	56.0	28.0	28.0
652	75.8499984741211	56.0	28.0	28.0
653	57.45000076293945	56.0	28.0	26.0
654	63.040000915527344	56.0	28.0	21.0
655	70.58999633789062	56.0	28.0	28.0
656	73.1500015258789	56.0	28.0	28.0
657	74.5	56.0	28.0	29.0
658	74.33000183105469	56.0	28.0	25.0
659	37.810001373291016	56.0	28.0	29.0
660	56.54999923706055	56.0	28.0	24.0
661	78.24666595458984	56.0	28.0	25.0
662	77.04000091552734	56.0	28.0	24.0
663	70.36000061035156	56.0	28.0	31.0
664	74.73999786376953	56.0	28.0	29.0
665	69.26000213623047	56.0	28.0	28.0
666	70.5199966430664	56.0	28.0	23.0
667	74.5999984741211	56.0	28.0	28.0
668	77.04499816894531	56.0	28.0	23.0
669	73.2300033569336	56.0	28.0	27.0
670	64.25	56.0	28.0	20.0
671	80.37999725341797	57.0	28.5	26.0
672	68.80000305175781	57.0	28.5	28.0
673	66.36000061035156	57.0	28.5	25.0
674	59.869998931884766	57.0	28.5	24.0
675	73.86000061035156	57.0	28.5	29.0
676	66.45999908447266	57.0	28.5	29.0
677	75.4800033569336	57.0	28.5	29.0
678	74.29000091552734	57.0	28.5	29.0
679	76.52999877929688	57.0	28.5	30.0
680	68.83000183105469	57.0	28.5	21.0
681	75.95999908447266	57.0	28.5	31.0
682	63.56999969482422	57.0	28.5	9.0
683	69.4800033569336	57.0	28.5	29.0
684	74.7300033569336	57.0	28.5	28.0
685	73.0875015258789	57.0	28.5	27.0
686	80.39866638183594	57.0	28.5	31.0
687	79.54000091552734	57.0	28.5	26.0
688	75.30000305175781	57.0	28.5	31.0
689	72.41000366210938	57.0	28.5	28.0
690	64.69999694824219	57.0	28.5	26.0
691	86.68000030517578	58.0	29.0	32.0
692	80.0999984741211	58.0	29.0	29.0
693	69.47000122070312	58.0	29.0	20.0
694	67.70999908447266	58.0	29.0	28.0
695	78.04000091552734	58.0	29.0	19.0
696	72.63999938964844	58.0	29.0	30.0
697	82.54000091552734	58.0	29.0	21.0
698	67.94999694824219	58.0	29.0	29.0
699	81.79000091552734	58.0	29.0	24.0
700	76.87999725341797	58.0	29.0	26.0
701	70.8499984741211	58.0	29.0	29.0
702	70.9000015258789	58.0	29.0	22.0
703	84.06999969482422	58.0	29.0	30.0
704	78.56999969482422	58.0	29.0	28.0
705	81.27999877929688	58.0	29.0	24.0
706	86.4117660522461	58.0	29.0	29.0
707	71.9000015258789	58.0	29.0	32.0
708	86.61000061035156	58.0	29.0	26.0
709	64.17391204833984	59.0	29.5	24.0
710	67.58000183105469	59.0	29.5	29.0
711	79.80000305175781	59.0	29.5	31.0
712	79.5199966430664	59.0	29.5	29.0
713	79.0	59.0	29.5	21.0
714	67.91000366210938	59.0	29.5	24.0
715	69.04000091552734	59.0	29.5	29.0
716	72.19999694824219	59.0	29.5	25.0
717	84.8787841796875	59.0	29.5	32.0
718	67.76000213623047	59.0	29.5	29.0
719	84.52381134033203	59.0	29.5	38.0
720	72.83000183105469	59.0	29.5	30.0
721	69.54862213134766	59.0	29.5	29.0
722	64.97000122070312	59.0	29.5	30.0
723	64.2427978515625	59.0	29.5	26.0
724	69.69999694824219	59.0	29.5	30.0
725	76.33000183105469	59.0	29.5	28.0
726	59.31999969482422	59.0	29.5	29.0
727	78.36000061035156	59.0	29.5	35.0
728	77.75	59.0	29.5	30.0
729	82.7699966430664	59.0	29.5	30.0
730	58.23680114746094	59.0	29.5	30.0
731	66.45999908447266	59.0	29.5	29.0
732	72.4000015258789	59.0	29.5	26.0
733	73.0	59.0	29.5	30.0
734	77.80000305175781	59.0	29.5	23.0
735	85.16000366210938	59.0	29.5	27.0
736	70.88999938964844	59.0	29.5	34.0
737	64.66999816894531	60.0	30.0	27.0
738	82.61000061035156	60.0	30.0	23.0
739	82.70999908447266	60.0	30.0	30.0
740	72.80000305175781	60.0	30.0	30.0
741	71.43000030517578	60.0	30.0	34.0
742	80.83999633789062	60.0	30.0	30.0
743	72.25	60.0	30.0	33.0
744	82.93000030517578	60.0	30.0	32.0
745	72.0	60.0	30.0	24.0
746	75.45999908447266	60.0	30.0	30.0
747	64.18000030517578	60.0	30.0	30.0
748	83.26000213623047	60.0	30.0	30.0
749	64.94999694824219	60.0	30.0	29.0
750	79.19999694824219	60.0	30.0	30.0
751	79.6500015258789	60.0	30.0	23.0
752	83.04000091552734	60.0	30.0	24.0
753	78.82071685791016	60.0	30.0	30.0
754	56.65241241455078	60.0	30.0	30.0
755	84.93000030517578	60.0	30.0	30.0
756	69.94999694824219	60.0	30.0	27.0
757	84.6500015258789	60.0	30.0	28.0
758	75.37999725341797	60.0	30.0	32.0
759	80.37000274658203	60.0	30.0	30.0
760	70.66999816894531	60.0	30.0	25.0
761	81.9000015258789	60.0	30.0	30.0
762	71.7300033569336	61.0	30.5	30.0
763	69.55000305175781	61.0	30.5	25.0
764	65.20999908447266	61.0	30.5	31.0
765	60.939998626708984	61.0	30.5	31.0
766	67.91000366210938	61.0	30.5	33.0
767	66.41000366210938	61.0	30.5	28.0
768	81.44000244140625	61.0	30.5	31.0
769	74.77999877929688	61.0	30.5	28.0
770	71.45999908447266	61.0	30.5	30.0
771	77.33999633789062	61.0	30.5	32.0
772	78.08000183105469	61.0	30.5	32.0
773	69.0	61.0	30.5	30.0
774	77.02999877929688	61.0	30.5	31.0
775	80.76000213623047	61.0	30.5	29.0
776	57.93000030517578	61.0	30.5	30.0
777	68.16999816894531	61.0	30.5	31.0
778	70.04000091552734	61.0	30.5	30.0
779	79.55000305175781	61.0	30.5	30.0
780	75.44999694824219	61.0	30.5	33.0
781	76.08000183105469	61.0	30.5	29.0
782	69.55999755859375	61.0	30.5	23.0
783	91.56999969482422	61.0	30.5	30.0
784	70.46499633789062	62.0	31.0	32.0
785	70.44000244140625	62.0	31.0	31.0
786	83.1500015258789	62.0	31.0	22.0
787	82.5	62.0	31.0	25.0
788	64.33000183105469	62.0	31.0	32.0
789	65.9000015258789	62.0	31.0	31.0
790	77.0	62.0	31.0	32.0
791	82.16000366210938	62.0	31.0	32.0
792	61.630001068115234	62.0	31.0	25.0
793	76.70999908447266	62.0	31.0	29.0
794	78.86000061035156	62.0	31.0	22.0
795	83.80999755859375	62.0	31.0	30.0
796	57.2599983215332	62.0	31.0	34.0
797	68.30999755859375	62.0	31.0	32.0
798	79.18000030517578	62.0	31.0	29.0
799	82.76647186279297	62.0	31.0	33.0
800	65.79000091552734	62.0	31.0	33.0
801	72.66000366210938	62.0	31.0	31.0
802	66.41999816894531	62.0	31.0	29.0
803	61.220001220703125	62.0	31.0	32.0
804	70.5199966430664	62.0	31.0	32.0
805	74.16000366210938	62.0	31.0	31.0
806	71.15741729736328	62.0	31.0	35.0
807	65.06999969482422	62.0	31.0	31.0
808	79.64181518554688	62.0	31.0	24.0
809	77.69103240966797	62.0	31.0	29.0
810	57.33000183105469	62.0	31.0	31.0
811	61.0	62.0	31.0	22.0
812	81.72000122070312	63.0	31.5	31.0
813	74.93000030517578	63.0	31.5	29.0
814	73.6500015258789	63.0	31.5	30.0
815	78.80000305175781	63.0	31.5	31.0
816	76.16999816894531	63.0	31.5	31.0
817	70.45999908447266	63.0	31.5	28.0
818	77.5199966430664	63.0	31.5	34.0
819	75.9000015258789	63.0	31.5	32.0
820	78.91999816894531	63.0	31.5	32.0
821	82.06999969482422	63.0	31.5	32.0
822	78.02999877929688	63.0	31.5	31.0
823	77.56999969482422	63.0	31.5	32.0
824	61.33000183105469	63.0	31.5	30.0
825	71.8499984741211	63.0	31.5	27.0
826	60.726898193359375	63.0	31.5	33.0
827	73.44999694824219	63.0	31.5	33.0
828	63.06999969482422	64.0	32.0	29.0
829	68.54000091552734	64.0	32.0	35.0
830	65.43000030517578	64.0	32.0	30.0
831	83.83999633789062	64.0	32.0	33.0
832	72.79000091552734	64.0	32.0	32.0
833	71.95999908447266	64.0	32.0	32.0
834	68.52631378173828	64.0	32.0	26.0
835	81.91000366210938	64.0	32.0	31.0
836	82.79000091552734	64.0	32.0	33.0
837	80.33999633789062	64.0	32.0	31.0
838	67.63999938964844	64.0	32.0	34.0
839	79.19999694824219	64.0	32.0	26.0
840	55.970001220703125	64.0	32.0	34.0
841	62.150001525878906	64.0	32.0	31.0
842	60.11000061035156	64.0	32.0	26.0
843	61.56999969482422	64.0	32.0	12.0
844	80.06896209716797	65.0	32.5	32.0
845	70.83000183105469	65.0	32.5	33.0
846	75.31999969482422	65.0	32.5	31.0
847	65.80999755859375	65.0	32.5	35.0
848	86.25	65.0	32.5	32.0
849	74.62999725341797	65.0	32.5	33.0
850	79.19000244140625	65.0	32.5	35.0
851	84.91000366210938	65.0	32.5	33.0
852	64.12000274658203	65.0	32.5	33.0
853	71.92308044433594	65.0	32.5	27.0
854	72.08000183105469	65.0	32.5	27.0
855	78.0	65.0	32.5	33.0
856	75.52999877929688	65.0	32.5	32.0
857	79.48275756835938	65.0	32.5	32.0
858	84.0	65.0	32.5	34.0
859	56.13999938964844	65.0	32.5	30.0
860	84.1500015258789	65.0	32.5	33.0
861	80.5	65.0	32.5	33.0
862	85.52999877929688	65.0	32.5	32.0
863	56.209999084472656	65.0	32.5	30.0
864	85.3819351196289	66.0	33.0	33.0
865	77.94000244140625	66.0	33.0	33.0
866	89.33999633789062	66.0	33.0	34.0
867	72.30999755859375	66.0	33.0	32.0
868	79.8499984741211	66.0	33.0	34.0
869	75.86483001708984	66.0	33.0	34.0
870	80.39130401611328	66.0	33.0	28.0
871	76.8499984741211	66.0	33.0	32.0
872	62.380001068115234	66.0	33.0	33.0
873	81.9956283569336	66.0	33.0	33.0
874	73.91000366210938	66.0	33.0	34.0
875	67.45999908447266	66.0	33.0	28.0
876	62.65999984741211	66.0	33.0	27.0
877	77.2699966430664	66.0	33.0	33.0
878	84.62999725341797	66.0	33.0	33.0
879	63.77000045776367	66.0	33.0	33.0
880	83.93000030517578	66.0	33.0	31.0
881	88.06999969482422	66.0	33.0	32.0
882	75.44000244140625	66.0	33.0	33.0
883	81.37000274658203	66.0	33.0	31.0
884	65.83000183105469	66.0	33.0	33.0
885	71.62000274658203	66.0	33.0	33.0
886	78.55999755859375	66.0	33.0	32.0
887	85.4000015258789	66.0	33.0	28.0
888	86.08999633789062	67.0	33.5	24.0
889	71.18000030517578	67.0	33.5	24.0
890	85.19000244140625	67.0	33.5	43.0
891	77.80000305175781	67.0	33.5	32.0
892	60.209999084472656	67.0	33.5	33.0
893	74.02999877929688	67.0	33.5	34.0
894	79.19000244140625	67.0	33.5	32.0
895	76.93000030517578	67.0	33.5	33.0
896	72.87066650390625	67.0	33.5	20.0
897	77.58999633789062	67.0	33.5	23.0
898	67.80000305175781	67.0	33.5	35.0
899	76.94000244140625	67.0	33.5	35.0
900	65.06999969482422	67.0	33.5	34.0
901	74.91999816894531	68.0	34.0	34.0
902	82.0	68.0	34.0	29.0
903	77.45999908447266	68.0	34.0	25.0
904	68.12999725341797	68.0	34.0	34.0
905	62.22838592529297	68.0	34.0	35.0
906	73.22000122070312	68.0	34.0	34.0
907	59.810001373291016	68.0	34.0	36.0
908	64.2300033569336	68.0	34.0	33.0
909	78.38999938964844	68.0	34.0	28.0
910	77.5	68.0	34.0	31.0
911	71.9000015258789	68.0	34.0	35.0
912	69.55000305175781	68.0	34.0	34.0
913	79.52999877929688	68.0	34.0	34.0
914	77.41999816894531	68.0	34.0	29.0
915	79.9000015258789	68.0	34.0	30.0
916	72.83999633789062	68.0	34.0	34.0
917	85.97000122070312	68.0	34.0	34.0
918	74.0999984741211	68.0	34.0	34.0
919	88.02999877929688	68.0	34.0	34.0
920	63.77000045776367	68.0	34.0	35.0
921	61.56999969482422	69.0	34.5	36.0
922	86.4800033569336	69.0	34.5	35.0
923	78.63999938964844	69.0	34.5	29.0
924	81.79000091552734	69.0	34.5	24.0
925	70.13818359375	69.0	34.5	34.0
926	83.25	69.0	34.5	28.0
927	74.33999633789062	69.0	34.5	34.0
928	71.43000030517578	69.0	34.5	35.0
929	74.58000183105469	69.0	34.5	32.0
930	83.30999755859375	69.0	34.5	35.0
931	62.380001068115234	69.0	34.5	35.0
932	82.73999786376953	69.0	34.5	32.0
933	77.37000274658203	69.0	34.5	33.0
934	73.5199966430664	69.0	34.5	26.0
935	73.2300033569336	69.0	34.5	26.0
936	73.7300033569336	69.0	34.5	35.0
937	82.00312805175781	69.0	34.5	35.0
938	78.70999908447266	69.0	34.5	37.0
939	80.79000091552734	69.0	34.5	29.0
940	82.41999816894531	69.0	34.5	34.0
941	69.80999755859375	69.0	34.5	35.0
942	73.94000244140625	69.0	34.5	36.0
943	76.7300033569336	69.0	34.5	29.0
944	84.69000244140625	69.0	34.5	34.0
945	82.87999725341797	70.0	35.0	35.0
946	80.73999786376953	70.0	35.0	35.0
947	77.87999725341797	70.0	35.0	34.0
948	76.61000061035156	70.0	35.0	34.0
949	73.0	70.0	35.0	27.0
950	77.5199966430664	70.0	35.0	26.0
951	72.81999969482422	70.0	35.0	34.0
952	69.19999694824219	70.0	35.0	27.0
953	74.38558959960938	70.0	35.0	36.0
954	76.23999786376953	70.0	35.0	36.0
955	76.18000030517578	70.0	35.0	28.0
956	77.36000061035156	70.0	35.0	38.0
957	77.2300033569336	70.0	35.0	25.0
958	66.81999969482422	70.0	35.0	37.0
959	69.79000091552734	70.0	35.0	35.0
960	74.43000030517578	70.0	35.0	31.0
961	76.0	70.0	35.0	36.0
962	76.63999938964844	70.0	35.0	35.0
963	73.8499984741211	70.0	35.0	34.0
964	69.95999908447266	70.0	35.0	28.0
965	81.52999877929688	70.0	35.0	32.0
966	78.94999694824219	70.0	35.0	30.0
967	81.26000213623047	70.0	35.0	35.0
968	77.2699966430664	70.0	35.0	29.0
969	65.19000244140625	70.0	35.0	34.0
970	77.73999786376953	70.0	35.0	35.0
971	70.03064727783203	70.0	35.0	36.0
972	61.5	71.0	35.5	34.0
973	73.5	71.0	35.5	27.0
974	72.61000061035156	71.0	35.5	36.0
975	74.20999908447266	71.0	35.5	31.0
976	80.7699966430664	71.0	35.5	36.0
977	85.26000213623047	71.0	35.5	34.0
978	67.81999969482422	71.0	35.5	36.0
979	77.13999938964844	71.0	35.5	29.0
980	79.6500015258789	71.0	35.5	35.0
981	85.91000366210938	71.0	35.5	37.0
982	87.55000305175781	71.0	35.5	33.0
983	76.55000305175781	71.0	35.5	35.0
984	67.62999725341797	71.0	35.5	22.0
985	69.30999755859375	71.0	35.5	36.0
986	72.11000061035156	71.0	35.5	35.0
987	83.25	71.0	35.5	39.0
988	71.33000183105469	71.0	35.5	32.0
989	69.95999908447266	71.0	35.5	28.0
990	79.68000030517578	71.0	35.5	35.0
991	86.26000213623047	71.0	35.5	38.0
992	76.5	71.0	35.5	26.0
993	76.77999877929688	71.0	35.5	34.0
994	72.12000274658203	72.0	36.0	36.0
995	65.04000091552734	72.0	36.0	12.0
996	76.5	72.0	36.0	36.0
997	68.54000091552734	72.0	36.0	29.0
998	72.05000305175781	72.0	36.0	38.0
999	62.2400016784668	72.0	36.0	28.0
1000	66.7699966430664	72.0	36.0	31.0
1001	72.12999725341797	72.0	36.0	36.0
1002	83.26000213623047	72.0	36.0	28.0
1003	57.40999984741211	72.0	36.0	32.0
1004	69.45999908447266	72.0	36.0	36.0
1005	77.19000244140625	72.0	36.0	35.0
1006	67.6500015258789	72.0	36.0	32.0
1007	55.84000015258789	72.0	36.0	30.0
1008	69.27100372314453	72.0	36.0	30.0
1009	60.38999938964844	72.0	36.0	30.0
1010	71.51407623291016	72.0	36.0	30.0
1011	79.5	72.0	36.0	36.0
1012	77.20999908447266	72.0	36.0	36.0
1013	67.69000244140625	72.0	36.0	36.0
1014	74.41034698486328	73.0	36.5	36.0
1015	67.80000305175781	73.0	36.5	26.0
1016	67.41999816894531	73.0	36.5	39.0
1017	77.08000183105469	73.0	36.5	37.0
1018	73.94000244140625	73.0	36.5	36.0
1019	66.89643096923828	73.0	36.5	28.0
1020	79.25	73.0	36.5	31.0
1021	72.72000122070312	73.0	36.5	31.0
1022	70.62000274658203	73.0	36.5	37.0
1023	62.189998626708984	73.0	36.5	23.0
1024	80.04000091552734	73.0	36.5	29.0
1025	80.87000274658203	73.0	36.5	42.0
1026	75.58000183105469	73.0	36.5	38.0
1027	73.66000366210938	73.0	36.5	37.0
1028	69.68000030517578	73.0	36.5	32.0
1029	70.62999725341797	73.0	36.5	33.0
1030	74.83000183105469	73.0	36.5	31.0
1031	78.0999984741211	73.0	36.5	32.0
1032	79.79000091552734	73.0	36.5	33.0
1033	69.43812561035156	73.0	36.5	36.0
1034	64.0	74.0	37.0	37.0
1035	63.119998931884766	74.0	37.0	31.0
1036	84.17130279541016	74.0	37.0	27.0
1037	82.02999877929688	74.0	37.0	38.0
1038	75.0	74.0	37.0	31.0
1039	81.30000305175781	74.0	37.0	37.0
1040	76.76000213623047	74.0	37.0	37.0
1041	75.6500015258789	74.0	37.0	36.0
1042	58.939998626708984	74.0	37.0	37.0
1043	75.16000366210938	74.0	37.0	37.0
1044	69.41999816894531	74.0	37.0	31.0
1045	69.8499984741211	74.0	37.0	41.0
1046	74.29000091552734	74.0	37.0	37.0
1047	70.25	74.0	37.0	32.0
1048	83.72000122070312	74.0	37.0	37.0
1049	77.08999633789062	74.0	37.0	37.0
1050	83.05999755859375	74.0	37.0	37.0
1051	68.41000366210938	74.0	37.0	37.0
1052	67.91000366210938	74.0	37.0	30.0
1053	63.68789291381836	74.0	37.0	28.0
1054	77.4800033569336	74.0	37.0	33.0
1055	74.62000274658203	74.0	37.0	37.0
1056	73.7300033569336	74.0	37.0	37.0
1057	88.93000030517578	75.0	37.5	35.0
1058	76.75	75.0	37.5	37.0
1059	68.19000244140625	75.0	37.5	27.0
1060	75.83000183105469	75.0	37.5	25.0
1061	72.12999725341797	75.0	37.5	36.0
1062	82.73999786376953	75.0	37.5	40.0
1063	70.2300033569336	75.0	37.5	24.0
1064	79.41999816894531	75.0	37.5	26.0
1065	64.4800033569336	75.0	37.5	25.0
1066	67.73999786376953	75.0	37.5	38.0
1067	74.97000122070312	75.0	37.5	39.0
1068	75.04000091552734	75.0	37.5	23.0
1069	74.8499984741211	76.0	38.0	38.0
1070	66.88370513916016	76.0	38.0	27.0
1071	68.1500015258789	76.0	38.0	27.0
1072	79.55999755859375	76.0	38.0	33.0
1073	77.37999725341797	76.0	38.0	37.0
1074	82.71047973632812	76.0	38.0	33.0
1075	76.62999725341797	76.0	38.0	24.0
1076	74.0540542602539	76.0	38.0	38.0
1077	69.62000274658203	76.0	38.0	26.0
1078	80.02999877929688	76.0	38.0	38.0
1079	80.54000091552734	76.0	38.0	39.0
1080	76.0	76.0	38.0	39.0
1081	77.1500015258789	76.0	38.0	39.0
1082	77.16999816894531	76.0	38.0	38.0
1083	75.14167022705078	76.0	38.0	38.0
1084	70.58000183105469	76.0	38.0	34.0
1085	74.26000213623047	76.0	38.0	39.0
1086	82.95999908447266	76.0	38.0	31.0
1087	72.77999877929688	76.0	38.0	38.0
1088	83.94999694824219	76.0	38.0	27.0
1089	81.08000183105469	76.0	38.0	31.0
1090	69.7300033569336	76.0	38.0	23.0
1091	69.91000366210938	76.0	38.0	25.0
1092	89.17857360839844	76.0	38.0	33.0
1093	82.66000366210938	76.0	38.0	31.0
1094	79.61000061035156	76.0	38.0	39.0
1095	74.31999969482422	77.0	38.5	33.0
1096	62.963462829589844	77.0	38.5	31.0
1097	70.37000274658203	77.0	38.5	39.0
1098	75.68000030517578	77.0	38.5	31.0
1099	72.4800033569336	77.0	38.5	26.0
1100	71.71128845214844	77.0	38.5	38.0
1101	72.8499984741211	77.0	38.5	31.0
1102	69.41000366210938	77.0	38.5	34.0
1103	74.37000274658203	77.0	38.5	32.0
1104	68.08999633789062	77.0	38.5	26.0
1105	67.77999877929688	78.0	39.0	29.0
1106	70.87000274658203	78.0	39.0	29.0
1107	83.23999786376953	78.0	39.0	40.0
1108	83.94999694824219	78.0	39.0	38.0
1109	70.19999694824219	78.0	39.0	34.0
1110	62.939998626708984	78.0	39.0	39.0
1111	72.77999877929688	78.0	39.0	39.0
1112	81.22000122070312	78.0	39.0	39.0
1113	63.209999084472656	78.0	39.0	39.0
1114	82.58999633789062	78.0	39.0	39.0
1115	81.34257507324219	78.0	39.0	39.0
1116	67.37999725341797	78.0	39.0	34.0
1117	81.1500015258789	78.0	39.0	32.0
1118	79.08999633789062	79.0	39.5	22.0
1119	68.88999938964844	79.0	39.5	40.0
1120	78.11000061035156	79.0	39.5	31.0
1121	68.91999816894531	79.0	39.5	28.0
1122	79.36000061035156	79.0	39.5	29.0
1123	76.25	79.0	39.5	29.0
1124	73.12999725341797	79.0	39.5	39.0
1125	85.00450134277344	79.0	39.5	40.0
1126	79.19999694824219	79.0	39.5	25.0
1127	82.37000274658203	79.0	39.5	35.0
1128	74.83999633789062	79.0	39.5	39.0
1129	86.18000030517578	79.0	39.5	40.0
1130	76.37000274658203	79.0	39.5	40.0
1131	80.88999938964844	79.0	39.5	39.0
1132	78.25	79.0	39.5	39.0
1133	82.44999694824219	79.0	39.5	40.0
1134	68.19000244140625	79.0	39.5	40.0
1135	82.88999938964844	79.0	39.5	20.0
1136	75.62000274658203	79.0	39.5	20.0
1137	75.16432189941406	79.0	39.5	40.0
1138	80.08000183105469	79.0	39.5	26.0
1139	80.04000091552734	79.0	39.5	25.0
1140	78.37999725341797	79.0	39.5	25.0
1141	77.08999633789062	79.0	39.5	39.0
1142	61.09000015258789	79.0	39.5	24.0
1143	78.41124725341797	79.0	39.5	39.0
1144	78.02999877929688	79.0	39.5	39.0
1145	74.32483673095703	79.0	39.5	32.0
1146	77.91304016113281	79.0	39.5	25.0
1147	79.05000305175781	79.0	39.5	35.0
1148	57.459999084472656	79.0	39.5	27.0
1149	76.42919158935547	80.0	40.0	40.0
1150	66.43000030517578	80.0	40.0	33.0
1151	76.41999816894531	80.0	40.0	39.0
1152	62.86000061035156	80.0	40.0	39.0
1153	71.52999877929688	80.0	40.0	35.0
1154	75.05000305175781	80.0	40.0	41.0
1155	63.7400016784668	80.0	40.0	40.0
1156	65.45999908447266	80.0	40.0	40.0
1157	84.20999908447266	80.0	40.0	22.0
1158	87.41000366210938	80.0	40.0	34.0
1159	65.0999984741211	80.0	40.0	41.0
1160	75.14700317382812	80.0	40.0	40.0
1161	85.63999938964844	80.0	40.0	25.0
1162	79.5	80.0	40.0	40.0
1163	77.41999816894531	80.0	40.0	40.0
1164	79.55000305175781	80.0	40.0	40.0
1165	77.68000030517578	80.0	40.0	30.0
1166	68.58529663085938	80.0	40.0	40.0
1167	84.58000183105469	80.0	40.0	26.0
1168	66.08000183105469	80.0	40.0	27.0
1169	81.83000183105469	80.0	40.0	40.0
1170	70.73999786376953	80.0	40.0	40.0
1171	78.07615661621094	80.0	40.0	40.0
1172	69.95999908447266	80.0	40.0	26.0
1173	88.58999633789062	80.0	40.0	37.0
1174	87.8499984741211	80.0	40.0	29.0
1175	81.5199966430664	80.0	40.0	28.0
1176	62.2599983215332	80.0	40.0	27.0
1177	64.68000030517578	80.0	40.0	36.0
1178	80.51351165771484	80.0	40.0	40.0
1179	63.68000030517578	80.0	40.0	32.0
1180	82.88999938964844	81.0	27.0	40.0
1181	70.69000244140625	81.0	27.0	40.0
1182	70.80000305175781	81.0	27.0	29.0
1183	78.88999938964844	81.0	27.0	41.0
1184	70.18000030517578	81.0	27.0	27.0
1185	65.93000030517578	81.0	27.0	29.0
1186	77.12999725341797	81.0	27.0	27.0
1187	69.95999908447266	81.0	27.0	27.0
1188	55.91999816894531	81.0	27.0	36.0
1189	69.2727279663086	81.0	27.0	30.0
1190	78.23999786376953	81.0	27.0	40.0
1191	72.1968002319336	81.0	27.0	27.0
1192	69.66000366210938	81.0	27.0	41.0
1193	66.4800033569336	81.0	27.0	26.0
1194	71.04000091552734	81.0	27.0	26.0
1195	75.91999816894531	81.0	27.0	28.0
1196	81.91999816894531	81.0	27.0	41.0
1197	68.6500015258789	81.0	27.0	26.0
1198	64.47000122070312	81.0	27.0	36.0
1199	79.41000366210938	82.0	27.33333396911621	32.0
1200	81.69999694824219	82.0	27.33333396911621	41.0
1201	83.58000183105469	82.0	27.33333396911621	26.0
1202	68.4800033569336	82.0	27.33333396911621	30.0
1203	78.02999877929688	82.0	27.33333396911621	36.0
1204	82.91651916503906	82.0	27.33333396911621	28.0
1205	85.2300033569336	82.0	27.33333396911621	41.0
1206	72.66999816894531	82.0	27.33333396911621	25.0
1207	85.0	82.0	27.33333396911621	29.0
1208	86.41999816894531	82.0	27.33333396911621	27.0
1209	72.31999969482422	82.0	27.33333396911621	29.0
1210	60.0	82.0	27.33333396911621	24.0
1211	76.31999969482422	82.0	27.33333396911621	26.0
1212	79.4800033569336	82.0	27.33333396911621	34.0
1213	83.41000366210938	82.0	27.33333396911621	28.0
1214	69.43000030517578	83.0	27.66666603088379	24.0
1215	75.68000030517578	83.0	27.66666603088379	29.0
1216	81.95999908447266	83.0	27.66666603088379	30.0
1217	81.5	83.0	27.66666603088379	32.0
1218	84.31999969482422	83.0	27.66666603088379	37.0
1219	81.58000183105469	83.0	27.66666603088379	28.0
1220	78.87999725341797	83.0	27.66666603088379	27.0
1221	76.54000091552734	83.0	27.66666603088379	34.0
1222	84.2699966430664	83.0	27.66666603088379	28.0
1223	89.7699966430664	83.0	27.66666603088379	38.0
1224	66.41000366210938	84.0	28.0	28.0
1225	77.18518829345703	84.0	28.0	29.0
1226	79.5	84.0	28.0	37.0
1227	93.80999755859375	84.0	28.0	26.0
1228	75.70999908447266	84.0	28.0	36.0
1229	82.5199966430664	84.0	28.0	30.0
1230	68.93000030517578	84.0	28.0	29.0
1231	75.99320220947266	84.0	28.0	26.0
1232	71.62000274658203	84.0	28.0	27.0
1233	75.19000244140625	84.0	28.0	36.0
1234	77.37000274658203	84.0	28.0	30.0
1235	69.5	84.0	28.0	28.0
1236	77.69999694824219	84.0	28.0	29.0
1237	73.41000366210938	84.0	28.0	37.0
1238	84.05999755859375	84.0	28.0	35.0
1239	81.19000244140625	84.0	28.0	28.0
1240	62.68000030517578	84.0	28.0	27.0
1241	74.23999786376953	84.0	28.0	25.0
1242	77.19000244140625	84.0	28.0	37.0
1243	68.88999938964844	84.0	28.0	30.0
1244	66.44758605957031	84.0	28.0	28.0
1245	71.04000091552734	85.0	28.33333396911621	26.0
1246	75.31999969482422	85.0	28.33333396911621	28.0
1247	81.45999908447266	85.0	28.33333396911621	30.0
1248	70.75	85.0	28.33333396911621	29.0
1249	73.41000366210938	85.0	28.33333396911621	29.0
1250	80.38999938964844	85.0	28.33333396911621	37.0
1251	81.7699966430664	85.0	28.33333396911621	28.0
1252	62.33000183105469	85.0	28.33333396911621	29.0
1253	81.2300033569336	85.0	28.33333396911621	26.0
1254	72.19000244140625	85.0	28.33333396911621	27.0
1255	60.619998931884766	85.0	28.33333396911621	37.0
1256	76.66999816894531	85.0	28.33333396911621	37.0
1257	83.55999755859375	85.0	28.33333396911621	28.0
1258	79.77999877929688	85.0	28.33333396911621	29.0
1259	87.0	85.0	28.33333396911621	29.0
1260	74.44827270507812	85.0	28.33333396911621	29.0
1261	86.91999816894531	85.0	28.33333396911621	28.0
1262	84.41000366210938	85.0	28.33333396911621	37.0
1263	58.72999954223633	85.0	28.33333396911621	36.0
1264	85.37000274658203	85.0	28.33333396911621	30.0
1265	83.66358947753906	85.0	28.33333396911621	39.0
1266	81.43000030517578	85.0	28.33333396911621	28.0
1267	80.94999694824219	85.0	28.33333396911621	25.0
1268	78.63999938964844	85.0	28.33333396911621	24.0
1269	69.62999725341797	86.0	28.66666603088379	40.0
1270	73.13999938964844	86.0	28.66666603088379	31.0
1271	69.91999816894531	86.0	28.66666603088379	26.0
1272	66.97000122070312	86.0	28.66666603088379	29.0
1273	73.0	86.0	28.66666603088379	28.0
1274	71.5199966430664	86.0	28.66666603088379	38.0
1275	75.43000030517578	86.0	28.66666603088379	40.0
1276	58.70000076293945	86.0	28.66666603088379	29.0
1277	68.48999786376953	86.0	28.66666603088379	38.0
1278	78.3499984741211	86.0	28.66666603088379	38.0
1279	68.5721206665039	86.0	28.66666603088379	37.0
1280	65.56999969482422	86.0	28.66666603088379	30.0
1281	74.44999694824219	87.0	29.0	29.0
1282	71.29000091552734	87.0	29.0	30.0
1283	79.7300033569336	87.0	29.0	28.0
1284	72.54000091552734	87.0	29.0	29.0
1285	79.33999633789062	87.0	29.0	37.0
1286	77.30000305175781	87.0	29.0	31.0
1287	75.94999694824219	87.0	29.0	37.0
1288	77.11333465576172	87.0	29.0	28.0
1289	69.86000061035156	87.0	29.0	38.0
1290	80.31935119628906	87.0	29.0	32.0
1291	71.37625122070312	87.0	29.0	28.0
1292	80.37999725341797	87.0	29.0	35.0
1293	80.7699966430664	87.0	29.0	37.0
1294	75.3499984741211	87.0	29.0	28.0
1295	81.0	87.0	29.0	28.0
1296	76.36000061035156	87.0	29.0	35.0
1297	77.62999725341797	87.0	29.0	30.0
1298	80.18592834472656	87.0	29.0	28.0
1299	76.19999694824219	88.0	29.33333396911621	37.0
1300	70.55999755859375	88.0	29.33333396911621	30.0
1301	75.7959976196289	88.0	29.33333396911621	40.0
1302	78.9638442993164	88.0	29.33333396911621	28.0
1303	76.20999908447266	88.0	29.33333396911621	41.0
1304	66.31999969482422	88.0	29.33333396911621	29.0
1305	78.38999938964844	88.0	29.33333396911621	37.0
1306	74.2300033569336	88.0	29.33333396911621	31.0
1307	73.45999908447266	88.0	29.33333396911621	27.0
1308	69.16000366210938	88.0	29.33333396911621	31.0
1309	79.0	89.0	29.66666603088379	35.0
1310	71.5129623413086	89.0	29.66666603088379	32.0
1311	74.54000091552734	89.0	29.66666603088379	29.0
1312	72.04000091552734	89.0	29.66666603088379	30.0
1313	75.19000244140625	89.0	29.66666603088379	38.0
1314	82.08000183105469	89.0	29.66666603088379	30.0
1315	77.59928894042969	89.0	29.66666603088379	28.0
1316	77.95999908447266	89.0	29.66666603088379	29.0
1317	67.66999816894531	89.0	29.66666603088379	27.0
1318	71.08000183105469	89.0	29.66666603088379	28.0
1319	75.95999908447266	89.0	29.66666603088379	28.0
1320	79.70999908447266	89.0	29.66666603088379	38.0
1321	76.55000305175781	89.0	29.66666603088379	38.0
1322	75.87000274658203	89.0	29.66666603088379	32.0
1323	77.58999633789062	89.0	29.66666603088379	37.0
1324	73.83000183105469	89.0	29.66666603088379	32.0
1325	70.91999816894531	89.0	29.66666603088379	39.0
1326	73.44999694824219	89.0	29.66666603088379	40.0
1327	77.86000061035156	89.0	29.66666603088379	30.0
1328	74.41000366210938	89.0	29.66666603088379	29.0
1329	73.66999816894531	89.0	29.66666603088379	29.0
1330	74.58000183105469	90.0	30.0	27.0
1331	77.8499984741211	90.0	30.0	39.0
1332	65.22000122070312	90.0	30.0	23.0
1333	75.44000244140625	90.0	30.0	30.0
1334	63.52476119995117	90.0	30.0	26.0
1335	73.0999984741211	90.0	30.0	33.0
1336	81.1689682006836	90.0	30.0	36.0
1337	78.87999725341797	90.0	30.0	29.0
1338	76.76689910888672	90.0	30.0	31.0
1339	78.16500091552734	90.0	30.0	37.0
1340	75.97000122070312	92.0	30.66666603088379	32.0
1341	79.54000091552734	92.0	30.66666603088379	29.0
1342	81.77999877929688	92.0	30.66666603088379	31.0
1343	66.83000183105469	92.0	30.66666603088379	31.0
1344	80.54788208007812	92.0	30.66666603088379	34.0
1345	71.23965454101562	92.0	30.66666603088379	31.0
1346	76.5	92.0	30.66666603088379	28.0
1347	80.12000274658203	92.0	30.66666603088379	28.0
1348	74.0	92.0	30.66666603088379	34.0
1349	68.30000305175781	92.0	30.66666603088379	29.0
1350	75.18000030517578	92.0	30.66666603088379	29.0
1351	83.5	92.0	30.66666603088379	26.0
1352	74.5199966430664	92.0	30.66666603088379	31.0
1353	71.05000305175781	92.0	30.66666603088379	28.0
1354	74.72000122070312	92.0	30.66666603088379	30.0
1355	80.19000244140625	92.0	30.66666603088379	28.0
1356	82.41999816894531	92.0	30.66666603088379	30.0
1357	72.21407318115234	92.0	30.66666603088379	29.0
1358	79.45545196533203	92.0	30.66666603088379	38.0
1359	62.540000915527344	92.0	30.66666603088379	30.0
1360	80.79000091552734	92.0	30.66666603088379	12.0
1361	74.91000366210938	92.0	30.66666603088379	24.0
1362	82.69999694824219	92.0	30.66666603088379	28.0
1363	85.11000061035156	92.0	30.66666603088379	38.0
1364	86.0	92.0	30.66666603088379	30.0
1365	82.33142852783203	92.0	30.66666603088379	33.0
1366	86.12999725341797	92.0	30.66666603088379	32.0
1367	72.2699966430664	92.0	30.66666603088379	33.0
1368	78.91999816894531	92.0	30.66666603088379	28.0
1369	84.0	92.0	30.66666603088379	29.0
1370	66.27999877929688	92.0	30.66666603088379	29.0
1371	74.62999725341797	92.0	30.66666603088379	29.0
1372	75.43000030517578	93.0	31.0	30.0
1373	66.22000122070312	93.0	31.0	33.0
1374	59.310001373291016	93.0	31.0	33.0
1375	70.31999969482422	93.0	31.0	32.0
1376	72.7699966430664	93.0	31.0	31.0
1377	64.88999938964844	93.0	31.0	32.0
1378	59.099998474121094	94.0	31.33333396911621	30.0
1379	73.08000183105469	94.0	31.33333396911621	30.0
1380	77.45999908447266	94.0	31.33333396911621	32.0
1381	79.66000366210938	94.0	31.33333396911621	38.0
1382	78.77999877929688	94.0	31.33333396911621	31.0
1383	75.70999908447266	94.0	31.33333396911621	32.0
1384	81.41000366210938	94.0	31.33333396911621	32.0
1385	74.11259460449219	94.0	31.33333396911621	33.0
1386	69.27999877929688	94.0	31.33333396911621	30.0
1387	80.89800262451172	94.0	31.33333396911621	33.0
1388	71.5	94.0	31.33333396911621	30.0
1389	68.95999908447266	94.0	31.33333396911621	31.0
1390	77.06999969482422	94.0	31.33333396911621	30.0
1391	60.8293342590332	94.0	31.33333396911621	34.0
1392	73.1500015258789	94.0	31.33333396911621	31.0
1393	74.65038299560547	94.0	31.33333396911621	31.0
1394	75.94000244140625	95.0	31.66666603088379	32.0
1395	75.12000274658203	95.0	31.66666603088379	26.0
1396	84.88999938964844	95.0	31.66666603088379	31.0
1397	83.37999725341797	95.0	31.66666603088379	29.0
1398	65.80999755859375	95.0	31.66666603088379	32.0
1399	73.52999877929688	95.0	31.66666603088379	32.0
1400	76.70999908447266	95.0	31.66666603088379	31.0
1401	71.0	95.0	31.66666603088379	33.0
1402	82.9000015258789	95.0	31.66666603088379	32.0
1403	61.06999969482422	95.0	31.66666603088379	32.0
1404	76.95999908447266	95.0	31.66666603088379	30.0
1405	84.63646697998047	95.0	31.66666603088379	34.0
1406	79.66000366210938	95.0	31.66666603088379	32.0
1407	71.93000030517578	95.0	31.66666603088379	29.0
1408	83.47000122070312	95.0	31.66666603088379	34.0
1409	66.06999969482422	95.0	31.66666603088379	30.0
1410	68.58999633789062	95.0	31.66666603088379	26.0
1411	73.06300354003906	95.0	31.66666603088379	34.0
1412	74.66999816894531	95.0	31.66666603088379	9.0
1413	74.94000244140625	95.0	31.66666603088379	33.0
1414	62.619998931884766	95.0	31.66666603088379	29.0
1415	71.83000183105469	95.0	31.66666603088379	25.0
1416	73.47000122070312	95.0	31.66666603088379	32.0
1417	73.68000030517578	95.0	31.66666603088379	30.0
1418	68.97000122070312	95.0	31.66666603088379	31.0
1419	76.76275634765625	95.0	31.66666603088379	32.0
1420	70.72000122070312	95.0	31.66666603088379	32.0
1421	82.36000061035156	95.0	31.66666603088379	33.0
1422	64.72000122070312	96.0	32.0	32.0
1423	78.80999755859375	96.0	32.0	34.0
1424	67.7699966430664	96.0	32.0	29.0
1425	67.80999755859375	96.0	32.0	31.0
1426	65.80999755859375	96.0	32.0	32.0
1427	74.14768981933594	96.0	32.0	29.0
1428	71.75	96.0	32.0	31.0
1429	76.66000366210938	96.0	32.0	26.0
1430	91.72000122070312	96.0	32.0	31.0
1431	75.30000305175781	96.0	32.0	31.0
1432	83.4800033569336	96.0	32.0	32.0
1433	84.93000030517578	96.0	32.0	32.0
1434	76.7699966430664	96.0	32.0	31.0
1435	78.5199966430664	96.0	32.0	33.0
1436	66.11000061035156	96.0	32.0	34.0
1437	70.54580688476562	96.0	32.0	31.0
1438	70.7032241821289	96.0	32.0	31.0
1439	82.20999908447266	96.0	32.0	32.0
1440	88.56999969482422	96.0	32.0	32.0
1441	76.62999725341797	96.0	32.0	33.0
1442	77.34625244140625	96.0	32.0	33.0
1443	75.30999755859375	96.0	32.0	32.0
1444	71.62999725341797	96.0	32.0	33.0
1445	68.66999816894531	96.0	32.0	31.0
1446	73.37999725341797	97.0	32.33333206176758	29.0
1447	69.75	97.0	32.33333206176758	42.0
1448	70.11000061035156	97.0	32.33333206176758	32.0
1449	77.20999908447266	97.0	32.33333206176758	33.0
1450	69.69000244140625	97.0	32.33333206176758	33.0
1451	76.45999908447266	97.0	32.33333206176758	32.0
1452	72.9703369140625	97.0	32.33333206176758	32.0
1453	70.22000122070312	97.0	32.33333206176758	33.0
1454	70.13999938964844	97.0	32.33333206176758	34.0
1455	73.25871276855469	97.0	32.33333206176758	34.0
1456	76.19999694824219	97.0	32.33333206176758	31.0
1457	74.80000305175781	97.0	32.33333206176758	33.0
1458	60.029998779296875	97.0	32.33333206176758	43.0
1459	81.02999877929688	97.0	32.33333206176758	34.0
1460	78.30999755859375	97.0	32.33333206176758	31.0
1461	78.0999984741211	97.0	32.33333206176758	33.0
1462	72.16999816894531	97.0	32.33333206176758	31.0
1463	80.16000366210938	98.0	32.66666793823242	34.0
1464	82.08000183105469	98.0	32.66666793823242	31.0
1465	76.16999816894531	98.0	32.66666793823242	30.0
1466	77.26000213623047	98.0	32.66666793823242	33.0
1467	70.44999694824219	98.0	32.66666793823242	33.0
1468	78.4800033569336	98.0	32.66666793823242	31.0
1469	76.55000305175781	98.0	32.66666793823242	30.0
1470	81.51741027832031	98.0	32.66666793823242	33.0
1471	77.25580596923828	98.0	32.66666793823242	31.0
1472	78.7300033569336	98.0	32.66666793823242	30.0
1473	73.33000183105469	98.0	32.66666793823242	33.0
1474	79.55000305175781	98.0	32.66666793823242	34.0
1475	77.9000015258789	98.0	32.66666793823242	33.0
1476	69.44000244140625	98.0	32.66666793823242	35.0
1477	80.27999877929688	98.0	32.66666793823242	35.0
1478	79.55000305175781	99.0	33.0	33.0
1479	80.2300033569336	99.0	33.0	30.0
1480	60.40999984741211	99.0	33.0	28.0
1481	64.29000091552734	99.0	33.0	33.0
1482	80.95999908447266	99.0	33.0	30.0
1483	79.99827575683594	99.0	33.0	31.0
1484	64.94999694824219	99.0	33.0	28.0
1485	77.72000122070312	99.0	33.0	34.0
1486	78.23999786376953	99.0	33.0	35.0
1487	67.19000244140625	99.0	33.0	33.0
1488	73.14299774169922	99.0	33.0	29.0
1489	57.970001220703125	99.0	33.0	33.0
1490	60.779998779296875	99.0	33.0	29.0
1491	79.83999633789062	99.0	33.0	26.0
1492	81.41999816894531	99.0	33.0	32.0
1493	79.05999755859375	99.0	33.0	33.0
1494	85.16999816894531	99.0	33.0	28.0
1495	77.48999786376953	99.0	33.0	35.0
1496	66.72000122070312	99.0	33.0	33.0
1497	87.18000030517578	99.0	33.0	33.0
1498	86.1500015258789	99.0	33.0	28.0
1499	68.61000061035156	99.0	33.0	29.0
1500	79.26000213623047	99.0	33.0	28.0
1501	87.36000061035156	99.0	33.0	33.0
1502	63.939998626708984	99.0	33.0	33.0
1503	75.86000061035156	99.0	33.0	33.0
1504	67.44000244140625	100.0	33.33333206176758	32.0
1505	75.87999725341797	100.0	33.33333206176758	34.0
1506	81.62999725341797	100.0	33.33333206176758	32.0
1507	78.11422729492188	100.0	33.33333206176758	28.0
1508	75.75142669677734	100.0	33.33333206176758	30.0
1509	68.75	100.0	33.33333206176758	33.0
1510	75.88999938964844	100.0	33.33333206176758	34.0
1511	73.08000183105469	100.0	33.33333206176758	29.0
1512	75.5	100.0	33.33333206176758	29.0
1513	69.08999633789062	100.0	33.33333206176758	33.0
1514	69.06999969482422	100.0	33.33333206176758	8.0
1515	76.19355010986328	100.0	33.33333206176758	33.0
1516	69.37999725341797	100.0	33.33333206176758	34.0
1517	77.58999633789062	100.0	33.33333206176758	34.0
1518	78.66999816894531	100.0	33.33333206176758	33.0
1519	78.19000244140625	100.0	33.33333206176758	33.0
1520	70.76000213623047	100.0	33.33333206176758	33.0
1521	76.62999725341797	100.0	33.33333206176758	31.0
1522	77.02999877929688	100.0	33.33333206176758	32.0
1523	76.2699966430664	100.0	33.33333206176758	14.0
1524	73.29000091552734	100.0	33.33333206176758	34.0
1525	74.58000183105469	101.0	33.66666793823242	34.0
1526	70.70999908447266	101.0	33.66666793823242	33.0
1527	73.97000122070312	101.0	33.66666793823242	34.0
1528	78.16999816894531	101.0	33.66666793823242	35.0
1529	61.84423065185547	101.0	33.66666793823242	31.0
1530	76.83000183105469	101.0	33.66666793823242	36.0
1531	71.30999755859375	101.0	33.66666793823242	34.0
1532	75.29000091552734	101.0	33.66666793823242	32.0
1533	60.310001373291016	101.0	33.66666793823242	31.0
1534	81.8221206665039	101.0	33.66666793823242	33.0
1535	57.810001373291016	101.0	33.66666793823242	31.0
1536	78.20999908447266	101.0	33.66666793823242	32.0
1537	84.0999984741211	102.0	34.0	22.0
1538	71.16999816894531	102.0	34.0	35.0
1539	79.93838500976562	102.0	34.0	33.0
1540	67.55999755859375	102.0	34.0	31.0
1541	80.4000015258789	102.0	34.0	34.0
1542	77.05000305175781	102.0	34.0	22.0
1543	85.61000061035156	102.0	34.0	37.0
1544	68.18000030517578	102.0	34.0	29.0
1545	69.63200378417969	102.0	34.0	31.0
1546	65.75	102.0	34.0	28.0
1547	70.66999816894531	102.0	34.0	36.0
1548	75.3499984741211	102.0	34.0	21.0
1549	72.87000274658203	102.0	34.0	22.0
1550	70.7699966430664	103.0	34.33333206176758	33.0
1551	76.80000305175781	103.0	34.33333206176758	35.0
1552	88.30999755859375	103.0	34.33333206176758	33.0
1553	81.08999633789062	103.0	34.33333206176758	35.0
1554	74.69000244140625	103.0	34.33333206176758	35.0
1555	73.73999786376953	103.0	34.33333206176758	11.0
1556	84.93000030517578	103.0	34.33333206176758	33.0
1557	80.4800033569336	103.0	34.33333206176758	28.0
1558	84.48999786376953	103.0	34.33333206176758	37.0
1559	68.5	104.0	34.66666793823242	34.0
1560	72.17818450927734	104.0	34.66666793823242	35.0
1561	74.42090606689453	104.0	34.66666793823242	35.0
1562	72.5199966430664	104.0	34.66666793823242	35.0
1563	70.91000366210938	104.0	34.66666793823242	35.0
1564	73.69000244140625	104.0	34.66666793823242	34.0
1565	81.80999755859375	105.0	35.0	31.0
1566	72.5	105.0	35.0	39.0
1567	84.0999984741211	105.0	35.0	27.0
1568	64.66000366210938	105.0	35.0	33.0
1569	84.0999984741211	105.0	35.0	31.0
1570	75.58138275146484	105.0	35.0	33.0
1571	75.79000091552734	106.0	35.33333206176758	35.0
1572	75.3172378540039	106.0	35.33333206176758	36.0
1573	77.08000183105469	106.0	35.33333206176758	37.0
1574	76.0999984741211	106.0	35.33333206176758	32.0
1575	69.16000366210938	106.0	35.33333206176758	35.0
1576	72.7300033569336	106.0	35.33333206176758	30.0
1577	65.37057495117188	106.0	35.33333206176758	37.0
1578	73.5199966430664	106.0	35.33333206176758	30.0
1579	75.3499984741211	106.0	35.33333206176758	35.0
1580	74.3499984741211	106.0	35.33333206176758	39.0
1581	76.9000015258789	106.0	35.33333206176758	31.0
1582	74.44999694824219	106.0	35.33333206176758	31.0
1583	71.38999938964844	106.0	35.33333206176758	34.0
1584	71.76000213623047	106.0	35.33333206176758	35.0
1585	74.79000091552734	106.0	35.33333206176758	33.0
1586	77.52999877929688	107.0	35.66666793823242	32.0
1587	77.08000183105469	107.0	35.66666793823242	36.0
1588	66.56999969482422	107.0	35.66666793823242	31.0
1589	78.58999633789062	107.0	35.66666793823242	35.0
1590	71.95999908447266	107.0	35.66666793823242	34.0
1591	80.93000030517578	107.0	35.66666793823242	34.0
1592	74.67713928222656	107.0	35.66666793823242	31.0
1593	71.9000015258789	107.0	35.66666793823242	32.0
1594	79.72000122070312	107.0	35.66666793823242	37.0
1595	76.47000122070312	107.0	35.66666793823242	35.0
1596	85.45999908447266	107.0	35.66666793823242	35.0
1597	76.58000183105469	107.0	35.66666793823242	36.0
1598	74.4000015258789	108.0	36.0	37.0
1599	76.63999938964844	108.0	36.0	36.0
1600	73.58000183105469	108.0	36.0	36.0
1601	73.55000305175781	108.0	36.0	36.0
1602	68.11000061035156	108.0	36.0	35.0
1603	81.18419647216797	108.0	36.0	36.0
1604	84.79000091552734	109.0	36.33333206176758	35.0
1605	77.40702819824219	109.0	36.33333206176758	38.0
1606	78.20999908447266	109.0	36.33333206176758	36.0
1607	70.93333435058594	109.0	36.33333206176758	35.0
1608	68.02999877929688	109.0	36.33333206176758	36.0
1609	72.58999633789062	109.0	36.33333206176758	36.0
1610	69.18000030517578	109.0	36.33333206176758	30.0
1611	66.45999908447266	109.0	36.33333206176758	28.0
1612	84.58000183105469	109.0	36.33333206176758	37.0
1613	67.37000274658203	109.0	36.33333206176758	38.0
1614	60.369998931884766	109.0	36.33333206176758	28.0
1615	80.33740997314453	109.0	36.33333206176758	31.0
1616	72.16999816894531	109.0	36.33333206176758	36.0
1617	71.83000183105469	109.0	36.33333206176758	36.0
1618	79.13999938964844	109.0	36.33333206176758	37.0
1619	67.2699966430664	109.0	36.33333206176758	37.0
1620	81.29000091552734	109.0	36.33333206176758	32.0
1621	71.6500015258789	109.0	36.33333206176758	31.0
1622	70.0	110.0	36.66666793823242	33.0
1623	76.7699966430664	110.0	36.66666793823242	30.0
1624	77.83999633789062	110.0	36.66666793823242	12.0
1625	71.20999908447266	110.0	36.66666793823242	34.0
1626	75.4800033569336	110.0	36.66666793823242	33.0
1627	80.4990005493164	110.0	36.66666793823242	31.0
1628	80.97000122070312	111.0	37.0	37.0
1629	79.70999908447266	111.0	37.0	31.0
1630	70.69000244140625	111.0	37.0	37.0
1631	76.52222442626953	111.0	37.0	31.0
1632	66.08999633789062	111.0	37.0	38.0
1633	68.81999969482422	111.0	37.0	36.0
1634	78.4000015258789	111.0	37.0	31.0
1635	77.56999969482422	111.0	37.0	36.0
1636	86.16000366210938	111.0	37.0	32.0
1637	79.97000122070312	111.0	37.0	37.0
1638	73.0609359741211	111.0	37.0	37.0
1639	69.69999694824219	111.0	37.0	28.0
1640	81.44999694824219	112.0	37.33333206176758	38.0
1641	82.68000030517578	112.0	37.33333206176758	32.0
1642	79.0999984741211	112.0	37.33333206176758	34.0
1643	81.13045501708984	112.0	37.33333206176758	30.0
1644	83.5999984741211	112.0	37.33333206176758	37.0
1645	78.79000091552734	112.0	37.33333206176758	37.0
1646	79.38999938964844	112.0	37.33333206176758	33.0
1647	74.4800033569336	112.0	37.33333206176758	32.0
1648	78.55000305175781	112.0	37.33333206176758	36.0
1649	75.33000183105469	113.0	37.66666793823242	36.0
1650	72.02999877929688	113.0	37.66666793823242	34.0
1651	74.2300033569336	113.0	37.66666793823242	36.0
1652	73.26000213623047	113.0	37.66666793823242	39.0
1653	58.11000061035156	113.0	37.66666793823242	32.0
1654	77.6500015258789	113.0	37.66666793823242	30.0
1655	84.13999938964844	113.0	37.66666793823242	38.0
1656	71.69000244140625	113.0	37.66666793823242	32.0
1657	75.08000183105469	113.0	37.66666793823242	38.0
1658	71.76000213623047	113.0	37.66666793823242	28.0
1659	76.58000183105469	113.0	37.66666793823242	38.0
1660	79.08999633789062	113.0	37.66666793823242	39.0
1661	85.36000061035156	113.0	37.66666793823242	36.0
1662	84.48999786376953	113.0	37.66666793823242	39.0
1663	73.75	113.0	37.66666793823242	35.0
1664	78.38999938964844	114.0	38.0	34.0
1665	67.30999755859375	114.0	38.0	34.0
1666	68.1225814819336	114.0	38.0	33.0
1667	64.22000122070312	114.0	38.0	38.0
1668	84.1500015258789	114.0	38.0	38.0
1669	73.94000244140625	114.0	38.0	38.0
1670	77.45828247070312	114.0	38.0	35.0
1671	71.04000091552734	114.0	38.0	26.0
1672	62.93000030517578	114.0	38.0	30.0
1673	71.55000305175781	114.0	38.0	38.0
1674	74.5	114.0	38.0	27.0
1675	81.38999938964844	114.0	38.0	33.0
1676	79.47382354736328	114.0	38.0	37.0
1677	79.62999725341797	114.0	38.0	39.0
1678	71.83999633789062	114.0	38.0	36.0
1679	78.83999633789062	115.0	38.33333206176758	40.0
1680	75.22457122802734	115.0	38.33333206176758	38.0
1681	69.87999725341797	115.0	38.33333206176758	38.0
1682	79.19999694824219	115.0	38.33333206176758	39.0
1683	71.2699966430664	115.0	38.33333206176758	38.0
1684	71.87999725341797	115.0	38.33333206176758	39.0
1685	74.88999938964844	115.0	38.33333206176758	37.0
1686	81.2699966430664	115.0	38.33333206176758	40.0
1687	76.81999969482422	115.0	38.33333206176758	37.0
1688	71.62999725341797	116.0	38.66666793823242	34.0
1689	69.23999786376953	116.0	38.66666793823242	35.0
1690	72.61000061035156	116.0	38.66666793823242	37.0
1691	76.66000366210938	116.0	38.66666793823242	35.0
1692	66.68000030517578	116.0	38.66666793823242	40.0
1693	65.72000122070312	116.0	38.66666793823242	29.0
1694	52.25	116.0	38.66666793823242	34.0
1695	73.73999786376953	116.0	38.66666793823242	39.0
1696	62.27000045776367	116.0	38.66666793823242	26.0
1697	71.29000091552734	116.0	38.66666793823242	22.0
1698	68.68000030517578	116.0	38.66666793823242	28.0
1699	70.58999633789062	116.0	38.66666793823242	35.0
1700	76.30999755859375	116.0	38.66666793823242	36.0
1701	80.16999816894531	117.0	39.0	38.0
1702	77.73999786376953	117.0	39.0	30.0
1703	73.87000274658203	117.0	39.0	33.0
1704	82.41000366210938	117.0	39.0	34.0
1705	82.72000122070312	117.0	39.0	38.0
1706	80.11000061035156	117.0	39.0	38.0
1707	78.2300033569336	117.0	39.0	36.0
1708	75.19999694824219	117.0	39.0	36.0
1709	82.94000244140625	117.0	39.0	35.0
1710	69.58999633789062	117.0	39.0	39.0
1711	78.55000305175781	117.0	39.0	37.0
1712	76.77999877929688	117.0	39.0	40.0
1713	81.23999786376953	118.0	39.33333206176758	30.0
1714	75.63999938964844	118.0	39.33333206176758	39.0
1715	76.66999816894531	118.0	39.33333206176758	40.0
1716	71.3499984741211	118.0	39.33333206176758	40.0
1717	83.0	118.0	39.33333206176758	33.0
1718	75.54000091552734	118.0	39.33333206176758	39.0
1719	74.88999938964844	118.0	39.33333206176758	40.0
1720	66.37000274658203	118.0	39.33333206176758	40.0
1721	72.28228759765625	118.0	39.33333206176758	38.0
1722	83.29000091552734	118.0	39.33333206176758	39.0
1723	85.88999938964844	118.0	39.33333206176758	32.0
1724	84.25	118.0	39.33333206176758	39.0
1725	76.19999694824219	118.0	39.33333206176758	28.0
1726	81.68000030517578	118.0	39.33333206176758	40.0
1727	73.0	118.0	39.33333206176758	40.0
1728	79.08999633789062	119.0	39.66666793823242	39.0
1729	81.25	119.0	39.66666793823242	32.0
1730	80.0	119.0	39.66666793823242	34.0
1731	82.5199966430664	119.0	39.66666793823242	26.0
1732	75.3499984741211	119.0	39.66666793823242	40.0
1733	75.12000274658203	119.0	39.66666793823242	36.0
1734	78.02999877929688	119.0	39.66666793823242	38.0
1735	80.4800033569336	119.0	39.66666793823242	34.0
1736	70.91999816894531	119.0	39.66666793823242	26.0
1737	86.81999969482422	119.0	39.66666793823242	39.0
1738	81.76000213623047	119.0	39.66666793823242	37.0
1739	72.08999633789062	119.0	39.66666793823242	24.0
1740	86.79000091552734	119.0	39.66666793823242	38.0
1741	75.32756805419922	119.0	39.66666793823242	38.0
1742	81.26000213623047	119.0	39.66666793823242	40.0
1743	75.19000244140625	119.0	39.66666793823242	38.0
1744	76.7843246459961	119.0	39.66666793823242	40.0
1745	84.97000122070312	119.0	39.66666793823242	42.0
1746	74.62999725341797	119.0	39.66666793823242	41.0
1747	75.79000091552734	120.0	40.0	36.0
1748	75.86000061035156	120.0	40.0	37.0
1749	75.91000366210938	120.0	40.0	40.0
1750	82.84500122070312	120.0	40.0	35.0
1751	74.52999877929688	120.0	40.0	36.0
1752	82.69000244140625	120.0	40.0	36.0
1753	83.44999694824219	120.0	40.0	39.0
1754	81.61000061035156	120.0	40.0	40.0
1755	76.7699966430664	120.0	40.0	40.0
1756	80.33000183105469	120.0	40.0	36.0
1757	57.90999984741211	120.0	40.0	36.0
1758	72.9000015258789	120.0	40.0	40.0
1759	79.52999877929688	120.0	40.0	40.0
1760	64.16266632080078	120.0	40.0	35.0
1761	80.43000030517578	120.0	40.0	39.0
1762	80.33000183105469	120.0	40.0	40.0
1763	77.68000030517578	120.0	40.0	40.0
1764	75.31999969482422	120.0	40.0	41.0
1765	72.19999694824219	120.0	40.0	35.0
1766	80.87210845947266	120.0	40.0	39.0
1767	77.1500015258789	120.0	40.0	37.0
1768	72.91000366210938	121.0	30.25	40.0
1769	65.57882690429688	121.0	30.25	36.0
1770	74.44000244140625	121.0	30.25	41.0
1771	68.70999908447266	121.0	30.25	37.0
1772	70.70999908447266	121.0	30.25	38.0
1773	80.33000183105469	121.0	30.25	35.0
1774	76.11000061035156	121.0	30.25	38.0
1775	83.6500015258789	121.0	30.25	36.0
1776	74.54405212402344	121.0	30.25	40.0
1777	85.52999877929688	122.0	30.5	30.0
1778	75.66000366210938	122.0	30.5	37.0
1779	82.08000183105469	122.0	30.5	41.0
1780	82.96971130371094	122.0	30.5	34.0
1781	85.77999877929688	122.0	30.5	41.0
1782	73.20999908447266	122.0	30.5	35.0
1783	80.63999938964844	122.0	30.5	31.0
1784	80.19999694824219	122.0	30.5	40.0
1785	73.05999755859375	122.0	30.5	36.0
1786	61.2400016784668	123.0	30.75	27.0
1787	71.33000183105469	123.0	30.75	34.0
1788	69.38999938964844	123.0	30.75	35.0
1789	73.00923156738281	123.0	30.75	27.0
1790	72.47000122070312	124.0	31.0	37.0
1791	78.33000183105469	124.0	31.0	38.0
1792	77.16000366210938	124.0	31.0	39.0
1793	72.37999725341797	125.0	31.25	36.0
1794	73.66999816894531	125.0	31.25	36.0
1795	78.18000030517578	125.0	31.25	38.0
1796	80.96533203125	125.0	31.25	35.0
1797	75.29000091552734	125.0	31.25	38.0
1798	78.16000366210938	125.0	31.25	40.0
1799	80.0	126.0	31.5	39.0
1800	80.16000366210938	126.0	31.5	38.0
1801	75.0	126.0	31.5	39.0
1802	82.43000030517578	127.0	31.75	31.0
1803	82.7300033569336	127.0	31.75	33.0
1804	75.0	127.0	31.75	33.0
1805	80.4800033569336	127.0	31.75	32.0
1806	67.99967956542969	127.0	31.75	32.0
1807	69.79000091552734	127.0	31.75	30.0
1808	67.02999877929688	127.0	31.75	34.0
1809	82.36000061035156	127.0	31.75	29.0
1810	80.13999938964844	127.0	31.75	35.0
1811	82.29000091552734	127.0	31.75	36.0
1812	67.83000183105469	127.0	31.75	34.0
1813	75.06999969482422	127.0	31.75	32.0
1814	67.0	127.0	31.75	35.0
1815	83.9000015258789	127.0	31.75	34.0
1816	75.13999938964844	128.0	32.0	40.0
1817	72.80000305175781	128.0	32.0	39.0
1818	75.23999786376953	128.0	32.0	40.0
1819	74.81999969482422	129.0	32.25	36.0
1820	69.4800033569336	129.0	32.25	31.0
1821	78.23999786376953	129.0	32.25	32.0
1822	72.2300033569336	129.0	32.25	34.0
1823	81.19000244140625	129.0	32.25	31.0
1824	71.8499984741211	129.0	32.25	34.0
1825	76.36000061035156	129.0	32.25	28.0
1826	76.38999938964844	129.0	32.25	32.0
1827	71.30000305175781	130.0	32.5	31.0
1828	77.74388885498047	130.0	32.5	38.0
1829	74.58875274658203	130.0	32.5	35.0
1830	71.5	130.0	32.5	38.0
1831	70.87999725341797	130.0	32.5	30.0
1832	76.52999877929688	130.0	32.5	38.0
1833	78.37999725341797	130.0	32.5	34.0
1834	81.12000274658203	130.0	32.5	37.0
1835	78.20999908447266	130.0	32.5	35.0
1836	87.31182098388672	130.0	32.5	37.0
1837	78.7699966430664	131.0	32.75	33.0
1838	81.0999984741211	131.0	32.75	31.0
1839	82.93000030517578	131.0	32.75	31.0
1840	82.02999877929688	131.0	32.75	33.0
1841	83.08000183105469	131.0	32.75	36.0
1842	76.7699966430664	131.0	32.75	34.0
1843	75.95999908447266	131.0	32.75	32.0
1844	81.3019027709961	131.0	32.75	32.0
1845	86.66000366210938	133.0	33.25	32.0
1846	81.02999877929688	133.0	33.25	34.0
1847	76.0	133.0	33.25	33.0
1848	82.20999908447266	133.0	33.25	34.0
1849	80.67606353759766	134.0	33.5	35.0
1850	73.63999938964844	134.0	33.5	31.0
1851	79.44000244140625	134.0	33.5	41.0
1852	79.43000030517578	134.0	33.5	33.0
1853	73.58000183105469	134.0	33.5	40.0
1854	78.1500015258789	134.0	33.5	40.0
1855	73.7699966430664	134.0	33.5	35.0
1856	79.23999786376953	134.0	33.5	40.0
1857	88.88999938964844	134.0	33.5	40.0
1858	81.88999938964844	134.0	33.5	40.0
1859	80.33999633789062	135.0	33.75	29.0
1860	80.0	135.0	33.75	32.0
1861	79.87000274658203	135.0	33.75	32.0
1862	83.76000213623047	135.0	33.75	31.0
1863	77.68000030517578	137.0	34.25	32.0
1864	85.49821472167969	137.0	34.25	30.0
1865	81.20999908447266	137.0	34.25	34.0
1866	83.63999938964844	137.0	34.25	33.0
1867	84.56999969482422	138.0	34.5	34.0
1868	83.05999755859375	138.0	34.5	34.0
1869	79.2300033569336	138.0	34.5	34.0
1870	75.80999755859375	138.0	34.5	36.0
1871	86.54000091552734	139.0	34.75	37.0
1872	75.2254867553711	139.0	34.75	36.0
1873	80.94000244140625	139.0	34.75	34.0
1874	74.86000061035156	139.0	34.75	31.0
1875	86.2699966430664	139.0	34.75	28.0
1876	71.56999969482422	139.0	34.75	34.0
1877	76.38999938964844	139.0	34.75	32.0
1878	70.97000122070312	140.0	35.0	32.0
1879	79.16361236572266	140.0	35.0	36.0
1880	76.97000122070312	140.0	35.0	34.0
1881	79.80000305175781	140.0	35.0	38.0
1882	77.37000274658203	142.0	35.5	38.0
1883	75.58999633789062	142.0	35.5	37.0
1884	81.22000122070312	142.0	35.5	35.0
1885	82.87999725341797	142.0	35.5	35.0
1886	77.94000244140625	142.0	35.5	37.0
1887	76.37000274658203	142.0	35.5	33.0
1888	76.0	142.0	35.5	34.0
1889	74.4800033569336	142.0	35.5	32.0
1890	73.18000030517578	142.0	35.5	30.0
1891	75.7699966430664	142.0	35.5	30.0
1892	80.29000091552734	142.0	35.5	37.0
1893	76.02999877929688	142.0	35.5	37.0
1894	73.99933624267578	144.0	36.0	35.0
1895	76.3499984741211	144.0	36.0	34.0
1896	69.68000030517578	144.0	36.0	35.0
1897	80.33000183105469	144.0	36.0	30.0
1898	78.19999694824219	145.0	36.25	34.0
1899	71.69000244140625	145.0	36.25	36.0
1900	79.63999938964844	145.0	36.25	37.0
1901	78.26000213623047	145.0	36.25	36.0
1902	75.33000183105469	145.0	36.25	37.0
1903	67.62999725341797	145.0	36.25	36.0
1904	67.47000122070312	145.0	36.25	36.0
1905	75.56999969482422	145.0	36.25	38.0
1906	72.94999694824219	149.0	37.25	38.0
1907	71.43000030517578	149.0	37.25	28.0
1908	71.70999908447266	149.0	37.25	35.0
1909	75.31999969482422	149.0	37.25	38.0
1910	86.49928283691406	150.0	37.5	34.0
1911	80.41000366210938	150.0	37.5	33.0
1912	83.05378723144531	150.0	37.5	37.0
1913	84.48999786376953	150.0	37.5	38.0
1914	79.87999725341797	150.0	37.5	30.0
1915	80.66999816894531	150.0	37.5	37.0
1916	76.13999938964844	150.0	37.5	37.0
1917	79.55000305175781	153.0	38.25	38.0
1918	81.16999816894531	153.0	38.25	39.0
1919	83.34562683105469	153.0	38.25	38.0
1920	79.38999938964844	153.0	38.25	36.0
1921	76.8241195678711	153.0	38.25	38.0
1922	81.97000122070312	153.0	38.25	40.0
1923	84.22000122070312	153.0	38.25	38.0
1924	73.52999877929688	153.0	38.25	39.0
1925	70.94999694824219	154.0	38.5	38.0
1926	79.4361801147461	154.0	38.5	39.0
1927	74.76000213623047	154.0	38.5	39.0
1928	74.12999725341797	154.0	38.5	35.0
1929	80.08000183105469	154.0	38.5	38.0
1930	74.81999969482422	154.0	38.5	39.0
1931	70.05000305175781	154.0	38.5	40.0
1932	71.13999938964844	154.0	38.5	38.0
1933	67.48999786376953	154.0	38.5	38.0
1934	71.51000213623047	154.0	38.5	37.0
1935	81.69000244140625	154.0	38.5	37.0
1936	77.30000305175781	154.0	38.5	34.0
1937	83.34028625488281	155.0	38.75	36.0
1938	80.97000122070312	155.0	38.75	35.0
1939	82.47000122070312	155.0	38.75	36.0
1940	77.26000213623047	155.0	38.75	37.0
1941	79.24302673339844	157.0	39.25	39.0
1942	88.66000366210938	157.0	39.25	40.0
1943	77.47000122070312	157.0	39.25	39.0
1944	82.3499984741211	157.0	39.25	39.0
1945	84.54811096191406	158.0	39.5	38.0
1946	82.91999816894531	158.0	39.5	40.0
1947	86.33999633789062	158.0	39.5	40.0
1948	82.27999877929688	158.0	39.5	40.0
1949	85.1991195678711	158.0	39.5	36.0
1950	83.19000244140625	158.0	39.5	37.0
1951	77.08999633789062	158.0	39.5	11.0
1952	79.0	158.0	39.5	39.0
1953	78.80000305175781	160.0	40.0	40.0
1954	76.18000030517578	160.0	40.0	40.0
1955	72.69105529785156	160.0	40.0	40.0
1956	76.29000091552734	160.0	40.0	40.0
1957	74.83000183105469	160.0	40.0	40.0
1958	78.62000274658203	160.0	40.0	40.0
1959	78.5999984741211	160.0	40.0	40.0
1960	75.05000305175781	160.0	40.0	40.0
1961	82.45999908447266	166.0	33.20000076293945	34.0
1962	82.97000122070312	166.0	33.20000076293945	34.0
1963	76.72000122070312	166.0	33.20000076293945	33.0
1964	79.42034149169922	166.0	33.20000076293945	33.0
1965	83.4800033569336	166.0	33.20000076293945	32.0
1966	62.470001220703125	170.0	34.0	32.0
1967	64.62999725341797	170.0	34.0	33.0
1968	54.959999084472656	170.0	34.0	30.0
1969	68.87000274658203	170.0	34.0	33.0
1970	60.650001525878906	170.0	34.0	31.0
1971	93.86000061035156	171.0	34.20000076293945	27.0
1972	68.05999755859375	171.0	34.20000076293945	35.0
1973	72.73999786376953	171.0	34.20000076293945	35.0
1974	80.30000305175781	171.0	34.20000076293945	34.0
1975	82.0	172.0	34.400001525878906	34.0
1976	82.37110900878906	172.0	34.400001525878906	34.0
1977	87.87999725341797	172.0	34.400001525878906	34.0
1978	86.63999938964844	172.0	34.400001525878906	35.0
1979	80.9000015258789	172.0	34.400001525878906	35.0
1980	75.94000244140625	173.0	34.599998474121094	40.0
1981	78.62000274658203	173.0	34.599998474121094	40.0
1982	74.19000244140625	173.0	34.599998474121094	40.0
1983	80.41000366210938	173.0	34.599998474121094	38.0
1984	79.97000122070312	177.0	35.400001525878906	36.0
1985	79.33999633789062	177.0	35.400001525878906	36.0
1986	74.7300033569336	177.0	35.400001525878906	34.0
1987	77.38999938964844	177.0	35.400001525878906	35.0
1988	80.05999755859375	177.0	35.400001525878906	36.0
1989	74.94000244140625	188.0	37.599998474121094	39.0
1990	74.08000183105469	188.0	37.599998474121094	40.0
1991	77.36000061035156	188.0	37.599998474121094	38.0
1992	80.16000366210938	188.0	37.599998474121094	37.0
1993	76.13999938964844	188.0	37.599998474121094	35.0
1994	71.04794311523438	194.0	38.79999923706055	37.0
1995	78.02999877929688	194.0	38.79999923706055	39.0
1996	75.83000183105469	194.0	38.79999923706055	40.0
1997	78.41000366210938	194.0	38.79999923706055	39.0
1998	66.55000305175781	194.0	38.79999923706055	40.0
1999	72.58999633789062	199.0	39.79999923706055	37.0
2000	78.7699966430664	199.0	39.79999923706055	36.0
2001	78.72000122070312	199.0	39.79999923706055	40.0
2002	81.66000366210938	199.0	39.79999923706055	37.0
2003	73.67973327636719	199.0	39.79999923706055	38.0
2004	79.61000061035156	208.0	34.66666793823242	34.0
2005	80.2699966430664	208.0	34.66666793823242	35.0
2006	79.72000122070312	208.0	34.66666793823242	36.0
2007	80.69000244140625	208.0	34.66666793823242	35.0
2008	82.33999633789062	208.0	34.66666793823242	33.0
2009	83.70999908447266	208.0	34.66666793823242	35.0
2010	78.05999755859375	214.0	35.66666793823242	34.0
2011	75.0	214.0	35.66666793823242	34.0
2012	74.11000061035156	214.0	35.66666793823242	34.0
2013	76.9000015258789	214.0	35.66666793823242	34.0
2014	74.97000122070312	226.0	37.66666793823242	37.0
2015	82.05999755859375	226.0	37.66666793823242	35.0
2016	74.05999755859375	226.0	37.66666793823242	36.0
2017	81.5999984741211	226.0	37.66666793823242	38.0
2018	78.77999877929688	226.0	37.66666793823242	36.0
